event_id,evaluation_window,permaticker,historical_ticker,company_name,cik,raw_action,raw_action_date,raw_value,raw_contraticker,raw_contraname,last_trade_date,event_type,source_row_ids,policy_target_branch,evidence_required,manual_review_priority,evidence_status,data_vintage_id,exposure_count,total_clone_lot_hits,content_hash
EV-90e382587612e613,PHASEF_2006_2015_POSSIBLE_ELIGIBLE_UNIVERSE_ONLY,185389,CHIR1,CHIRON CORP,706539,acquisitionby,2006-04-19,9459.5,NVS,NOVARTIS AG,2006-04-19,ACQUIRED,"ACTIONS:permaticker=185389,date=2006-04-19,action=acquisitionby",cash_acquisition|stock_acquisition|mixed_acquisition (UNDETERMINED),SEC 8-K Item 2.01 (completion) or Item 1.03 (bankruptcy); definitive merger agreement/proxy (consideration + exchange ratio); exchange delisting notice; issuer IR announcement,P2_CONSIDERATION_UNKNOWN,PENDING_TRANSACTION_EVIDENCE_SEALED_PERIOD_NO_SELECTION_KNOWN,SHARADAR_20260620,1,0,096dacab2a90e822
EV-3f5c79d50f90decd,PHASEF_2006_2015_POSSIBLE_ELIGIBLE_UNIVERSE_ONLY,185418,GDT1,GUIDANT CORP,929987,acquisitionby,2006-04-21,27142.3,BSX,BOSTON SCIENTIFIC CORP,2006-04-21,ACQUIRED,"ACTIONS:permaticker=185418,date=2006-04-21,action=acquisitionby",cash_acquisition|stock_acquisition|mixed_acquisition (UNDETERMINED),SEC 8-K Item 2.01 (completion) or Item 1.03 (bankruptcy); definitive merger agreement/proxy (consideration + exchange ratio); exchange delisting notice; issuer IR announcement,P2_CONSIDERATION_UNKNOWN,PENDING_TRANSACTION_EVIDENCE_SEALED_PERIOD_NO_SELECTION_KNOWN,SHARADAR_20260620,1,0,d93b2468219b1eac
EV-2be6fd14ea9b7cb7,PHASEF_2006_2015_POSSIBLE_ELIGIBLE_UNIVERSE_ONLY,185415,ABS,ALBERTSONS INC,3333,acquisitionby,2006-06-01,9539.7,SVU,SUPERVALU INC,2006-06-01,ACQUIRED,"ACTIONS:permaticker=185415,date=2006-06-01,action=acquisitionby",cash_acquisition|stock_acquisition|mixed_acquisition (UNDETERMINED),SEC 8-K Item 2.01 (completion) or Item 1.03 (bankruptcy); definitive merger agreement/proxy (consideration + exchange ratio); exchange delisting notice; issuer IR announcement,P2_CONSIDERATION_UNKNOWN,PENDING_TRANSACTION_EVIDENCE_SEALED_PERIOD_NO_SELECTION_KNOWN,SHARADAR_20260620,1,0,e587567a11ed7647
EV-a1bf58f93b22fb72,PHASEF_2006_2015_POSSIBLE_ELIGIBLE_UNIVERSE_ONLY,185413,EC1,ENGELHARD CORP,352947,acquisitionby,2006-06-09,4834.0,BASFY,BASF AKTIENGESELLSCHAFT,2006-06-09,ACQUIRED,"ACTIONS:permaticker=185413,date=2006-06-09,action=acquisitionby",cash_acquisition|stock_acquisition|mixed_acquisition (UNDETERMINED),SEC 8-K Item 2.01 (completion) or Item 1.03 (bankruptcy); definitive merger agreement/proxy (consideration + exchange ratio); exchange delisting notice; issuer IR announcement,P2_CONSIDERATION_UNKNOWN,PENDING_TRANSACTION_EVIDENCE_SEALED_PERIOD_NO_SELECTION_KNOWN,SHARADAR_20260620,1,0,a77fd370417d7539
EV-da6840fd6c61f2b3,PHASEF_2006_2015_POSSIBLE_ELIGIBLE_UNIVERSE_ONLY,185403,KRI,KNIGHT RIDDER INC,205520,acquisitionby,2006-06-27,4064.9,MNIQQ,MCCLATCHY CO,2006-06-27,ACQUIRED,"ACTIONS:permaticker=185403,date=2006-06-27,action=acquisitionby",cash_acquisition|stock_acquisition|mixed_acquisition (UNDETERMINED),SEC 8-K Item 2.01 (completion) or Item 1.03 (bankruptcy); definitive merger agreement/proxy (consideration + exchange ratio); exchange delisting notice; issuer IR announcement,P2_CONSIDERATION_UNKNOWN,PENDING_TRANSACTION_EVIDENCE_SEALED_PERIOD_NO_SELECTION_KNOWN,SHARADAR_20260620,1,0,0a0536bc8ce274b1
EV-e5249dff677fdc5a,PHASEF_2006_2015_POSSIBLE_ELIGIBLE_UNIVERSE_ONLY,184651,KMG1,KERR MCGEE CORP,1141185,acquisitionby,2006-08-09,16025.2,APC1,ANADARKO PETROLEUM CORP,2006-08-09,ACQUIRED,"ACTIONS:permaticker=184651,date=2006-08-09,action=acquisitionby",cash_acquisition|stock_acquisition|mixed_acquisition (UNDETERMINED),SEC 8-K Item 2.01 (completion) or Item 1.03 (bankruptcy); definitive merger agreement/proxy (consideration + exchange ratio); exchange delisting notice; issuer IR announcement,P2_CONSIDERATION_UNKNOWN,PENDING_TRANSACTION_EVIDENCE_SEALED_PERIOD_NO_SELECTION_KNOWN,SHARADAR_20260620,2,0,3f87b130825d2ed3
EV-89d1e24fef6506a5,PHASEF_2006_2015_POSSIBLE_ELIGIBLE_UNIVERSE_ONLY,167927,GDW,GOLDEN WEST FINANCIAL CORP,42293,acquisitionby,2006-09-29,23875.8,WB1,WACHOVIA CORP NEW,2006-09-29,ACQUIRED,"ACTIONS:permaticker=167927,date=2006-09-29,action=acquisitionby",cash_acquisition|stock_acquisition|mixed_acquisition (UNDETERMINED),SEC 8-K Item 2.01 (completion) or Item 1.03 (bankruptcy); definitive merger agreement/proxy (consideration + exchange ratio); exchange delisting notice; issuer IR announcement,P2_CONSIDERATION_UNKNOWN,PENDING_TRANSACTION_EVIDENCE_SEALED_PERIOD_NO_SELECTION_KNOWN,SHARADAR_20260620,2,0,70b12fa061ff7a3f
EV-c5ef7a213e28cecd,PHASEF_2006_2015_POSSIBLE_ELIGIBLE_UNIVERSE_ONLY,185414,ASO1,AMSOUTH BANCORPORATION,3133,acquisitionby,2006-11-03,10211.8,RF,REGIONS FINANCIAL CORP,2006-11-03,ACQUIRED,"ACTIONS:permaticker=185414,date=2006-11-03,action=acquisitionby",cash_acquisition|stock_acquisition|mixed_acquisition (UNDETERMINED),SEC 8-K Item 2.01 (completion) or Item 1.03 (bankruptcy); definitive merger agreement/proxy (consideration + exchange ratio); exchange delisting notice; issuer IR announcement,P2_CONSIDERATION_UNKNOWN,PENDING_TRANSACTION_EVIDENCE_SEALED_PERIOD_NO_SELECTION_KNOWN,SHARADAR_20260620,1,0,6de87e4a2fc811c9
EV-4a33a33e83fe09e1,PHASEF_2006_2015_POSSIBLE_ELIGIBLE_UNIVERSE_ONLY,185408,FSH,FISHER SCIENTIFIC INTERNATIONAL INC,880430,acquisitionby,2006-11-09,10825.2,TMO,THERMO FISHER SCIENTIFIC INC,2006-11-09,ACQUIRED,"ACTIONS:permaticker=185408,date=2006-11-09,action=acquisitionby",cash_acquisition|stock_acquisition|mixed_acquisition (UNDETERMINED),SEC 8-K Item 2.01 (completion) or Item 1.03 (bankruptcy); definitive merger agreement/proxy (consideration + exchange ratio); exchange delisting notice; issuer IR announcement,P2_CONSIDERATION_UNKNOWN,PENDING_TRANSACTION_EVIDENCE_SEALED_PERIOD_NO_SELECTION_KNOWN,SHARADAR_20260620,1,0,47a1268384375e7c
EV-3119d830b0119657,PHASEF_2006_2015_POSSIBLE_ELIGIBLE_UNIVERSE_ONLY,115105,HCA1,HCA HEALTHCARE INC,860730,delisted,2006-11-17,19811.0,N/A,N/A,2006-11-17,DELISTED_OTHER,"ACTIONS:permaticker=115105,date=2006-11-17,action=delisted",unverified_ma,SEC 8-K Item 2.01 (completion) or Item 1.03 (bankruptcy); definitive merger agreement/proxy (consideration + exchange ratio); exchange delisting notice; issuer IR announcement,P3_DELISTING_TERMS,PENDING_TRANSACTION_EVIDENCE_SEALED_PERIOD_NO_SELECTION_KNOWN,SHARADAR_20260620,1,0,df319bf62126257e
EV-530c933dbd120e19,PHASEF_2006_2015_POSSIBLE_ELIGIBLE_UNIVERSE_ONLY,176978,NFB,NORTH FORK BANCORPORATION INC,352510,acquisitionby,2006-11-30,13090.1,COF,CAPITAL ONE FINANCIAL CORP,2006-11-30,ACQUIRED,"ACTIONS:permaticker=176978,date=2006-11-30,action=acquisitionby",cash_acquisition|stock_acquisition|mixed_acquisition (UNDETERMINED),SEC 8-K Item 2.01 (completion) or Item 1.03 (bankruptcy); definitive merger agreement/proxy (consideration + exchange ratio); exchange delisting notice; issuer IR announcement,P2_CONSIDERATION_UNKNOWN,PENDING_TRANSACTION_EVIDENCE_SEALED_PERIOD_NO_SELECTION_KNOWN,SHARADAR_20260620,1,0,61d8d9e18ddf2511
EV-779d439fe03f1154,PHASEF_2006_2015_POSSIBLE_ELIGIBLE_UNIVERSE_ONLY,185393,LU1,LUCENT TECHNOLOGIES INC,1006240,acquisitionby,2006-11-30,11429.1,ALU,ALCATEL LUCENT,2006-11-30,ACQUIRED,"ACTIONS:permaticker=185393,date=2006-11-30,action=acquisitionby",cash_acquisition|stock_acquisition|mixed_acquisition (UNDETERMINED),SEC 8-K Item 2.01 (completion) or Item 1.03 (bankruptcy); definitive merger agreement/proxy (consideration + exchange ratio); exchange delisting notice; issuer IR announcement,P2_CONSIDERATION_UNKNOWN,PENDING_TRANSACTION_EVIDENCE_SEALED_PERIOD_NO_SELECTION_KNOWN,SHARADAR_20260620,1,0,35a3945166a2bede
EV-c08571fd7f5e72ec,PHASEF_2006_2015_POSSIBLE_ELIGIBLE_UNIVERSE_ONLY,186594,FSL.B,FREESCALE SEMICONDUCTOR INC,1272547,acquisitionby,2006-12-01,16478.7,N/A,TPG CAPITAL LP,2006-12-01,ACQUIRED,"ACTIONS:permaticker=186594,date=2006-12-01,action=acquisitionby",cash_acquisition|stock_acquisition|mixed_acquisition (UNDETERMINED),SEC 8-K Item 2.01 (completion) or Item 1.03 (bankruptcy); definitive merger agreement/proxy (consideration + exchange ratio); exchange delisting notice; issuer IR announcement,P2_CONSIDERATION_UNKNOWN,PENDING_TRANSACTION_EVIDENCE_SEALED_PERIOD_NO_SELECTION_KNOWN,SHARADAR_20260620,1,0,36f3b92df377a19d
EV-f1c4723cb2cc8839,PHASEF_2006_2015_POSSIBLE_ELIGIBLE_UNIVERSE_ONLY,185391,BLS,BELLSOUTH CORP,732713,acquisitionby,2006-12-29,85931.8,T,AT&T INC,2006-12-29,ACQUIRED,"ACTIONS:permaticker=185391,date=2006-12-29,action=acquisitionby",cash_acquisition|stock_acquisition|mixed_acquisition (UNDETERMINED),SEC 8-K Item 2.01 (completion) or Item 1.03 (bankruptcy); definitive merger agreement/proxy (consideration + exchange ratio); exchange delisting notice; issuer IR announcement,P2_CONSIDERATION_UNKNOWN,PENDING_TRANSACTION_EVIDENCE_SEALED_PERIOD_NO_SELECTION_KNOWN,SHARADAR_20260620,1,0,e95947dd77deb676
EV-8cd289b292e53285,PHASEF_2006_2015_POSSIBLE_ELIGIBLE_UNIVERSE_ONLY,116535,HET,HARRAHS ENTERTAINMENT INC,858339,acquisitionby,2008-01-28,16876.4,N/A,TPG CAPITAL LP,2008-01-28,ACQUIRED,"ACTIONS:permaticker=116535,date=2008-01-28,action=acquisitionby",cash_acquisition|stock_acquisition|mixed_acquisition (UNDETERMINED),SEC 8-K Item 2.01 (completion) or Item 1.03 (bankruptcy); definitive merger agreement/proxy (consideration + exchange ratio); exchange delisting notice; issuer IR announcement,P2_CONSIDERATION_UNKNOWN,PENDING_TRANSACTION_EVIDENCE_SEALED_PERIOD_NO_SELECTION_KNOWN,SHARADAR_20260620,1,0,1b5264a288a95571
EV-52117b40dff93f9e,PHASEF_2006_2015_POSSIBLE_ELIGIBLE_UNIVERSE_ONLY,181624,CBH1,COMMERCE BANCORP INC,715096,acquisitionby,2008-03-28,7004.7,TD,TORONTO DOMINION BANK,2008-03-28,ACQUIRED,"ACTIONS:permaticker=181624,date=2008-03-28,action=acquisitionby",cash_acquisition|stock_acquisition|mixed_acquisition (UNDETERMINED),SEC 8-K Item 2.01 (completion) or Item 1.03 (bankruptcy); definitive merger agreement/proxy (consideration + exchange ratio); exchange delisting notice; issuer IR announcement,P2_CONSIDERATION_UNKNOWN,PENDING_TRANSACTION_EVIDENCE_SEALED_PERIOD_NO_SELECTION_KNOWN,SHARADAR_20260620,1,0,bd945c4661091230
EV-222ce5421c4f4b6a,PHASEF_2006_2015_POSSIBLE_ELIGIBLE_UNIVERSE_ONLY,123481,BSC1,BEAR STEARNS COMPANIES INC,777001,acquisitionby,2008-05-30,1359.4,JPM,JPMORGAN CHASE & CO,2008-05-30,ACQUIRED,"ACTIONS:permaticker=123481,date=2008-05-30,action=acquisitionby",cash_acquisition|stock_acquisition|mixed_acquisition (UNDETERMINED),SEC 8-K Item 2.01 (completion) or Item 1.03 (bankruptcy); definitive merger agreement/proxy (consideration + exchange ratio); exchange delisting notice; issuer IR announcement,P2_CONSIDERATION_UNKNOWN,PENDING_TRANSACTION_EVIDENCE_SEALED_PERIOD_NO_SELECTION_KNOWN,SHARADAR_20260620,2,0,7027e68348fec0eb
EV-1714568bb6be3762,PHASEF_2006_2015_POSSIBLE_ELIGIBLE_UNIVERSE_ONLY,185411,TT2,TRANE INC,836102,acquisitionby,2008-06-05,9144.9,TT,TRANE TECHNOLOGIES PLC,2008-06-05,ACQUIRED,"ACTIONS:permaticker=185411,date=2008-06-05,action=acquisitionby",cash_acquisition|stock_acquisition|mixed_acquisition (UNDETERMINED),SEC 8-K Item 2.01 (completion) or Item 1.03 (bankruptcy); definitive merger agreement/proxy (consideration + exchange ratio); exchange delisting notice; issuer IR announcement,P2_CONSIDERATION_UNKNOWN,PENDING_TRANSACTION_EVIDENCE_SEALED_PERIOD_NO_SELECTION_KNOWN,SHARADAR_20260620,2,0,38b2c7313cf85305
EV-5c9e737add09b694,PHASEF_2006_2015_POSSIBLE_ELIGIBLE_UNIVERSE_ONLY,185387,CFC,COUNTRYWIDE FINANCIAL CORP,25191,acquisitionby,2008-06-30,2479.2,BAC,BANK OF AMERICA CORP,2008-06-30,ACQUIRED,"ACTIONS:permaticker=185387,date=2008-06-30,action=acquisitionby",cash_acquisition|stock_acquisition|mixed_acquisition (UNDETERMINED),SEC 8-K Item 2.01 (completion) or Item 1.03 (bankruptcy); definitive merger agreement/proxy (consideration + exchange ratio); exchange delisting notice; issuer IR announcement,P2_CONSIDERATION_UNKNOWN,PENDING_TRANSACTION_EVIDENCE_SEALED_PERIOD_NO_SELECTION_KNOWN,SHARADAR_20260620,2,0,7b35cb8d50768666
EV-c525d32836ad3269,PHASEF_2006_2015_POSSIBLE_ELIGIBLE_UNIVERSE_ONLY,198719,CCU1,CLEAR CHANNEL COMMUNICATIONS INC,739708,acquisitionby,2008-07-29,44784.7,N/A,THOMAS H LEE PARTNERS LP,2008-07-29,ACQUIRED,"ACTIONS:permaticker=198719,date=2008-07-29,action=acquisitionby",cash_acquisition|stock_acquisition|mixed_acquisition (UNDETERMINED),SEC 8-K Item 2.01 (completion) or Item 1.03 (bankruptcy); definitive merger agreement/proxy (consideration + exchange ratio); exchange delisting notice; issuer IR announcement,P2_CONSIDERATION_UNKNOWN,PENDING_TRANSACTION_EVIDENCE_SEALED_PERIOD_NO_SELECTION_KNOWN,SHARADAR_20260620,2,0,5c54a1c64b852fd3
EV-acefd3c5eaa3e142,PHASEF_2006_2015_POSSIBLE_ELIGIBLE_UNIVERSE_ONLY,168388,EDS,ELECTRONIC DATA SYSTEMS CORP,1007456,acquisitionby,2008-08-25,12611.1,HPQ,HP INC,2008-08-25,ACQUIRED,"ACTIONS:permaticker=168388,date=2008-08-25,action=acquisitionby",cash_acquisition|stock_acquisition|mixed_acquisition (UNDETERMINED),SEC 8-K Item 2.01 (completion) or Item 1.03 (bankruptcy); definitive merger agreement/proxy (consideration + exchange ratio); exchange delisting notice; issuer IR announcement,P2_CONSIDERATION_UNKNOWN,PENDING_TRANSACTION_EVIDENCE_SEALED_PERIOD_NO_SELECTION_KNOWN,SHARADAR_20260620,2,0,612d939bd6e52753
EV-503b3c6c106f6e8b,PHASEF_2006_2015_POSSIBLE_ELIGIBLE_UNIVERSE_ONLY,185404,SAF2,SAFECO CORP,86104,acquisitionby,2008-09-22,6135.1,N/A,LIBERTY MUTUAL GROUP INC,2008-09-22,ACQUIRED,"ACTIONS:permaticker=185404,date=2008-09-22,action=acquisitionby",cash_acquisition|stock_acquisition|mixed_acquisition (UNDETERMINED),SEC 8-K Item 2.01 (completion) or Item 1.03 (bankruptcy); definitive merger agreement/proxy (consideration + exchange ratio); exchange delisting notice; issuer IR announcement,P2_CONSIDERATION_UNKNOWN,PENDING_TRANSACTION_EVIDENCE_SEALED_PERIOD_NO_SELECTION_KNOWN,SHARADAR_20260620,2,0,d85e955ca0efaa1c
EV-55e04f8902e1e2d4,PHASEF_2006_2015_POSSIBLE_ELIGIBLE_UNIVERSE_ONLY,180382,WWY,WRIGLEY WM JR CO,108601,acquisitionby,2008-10-06,21808.4,N/A,Mars Incorporated,2008-10-06,ACQUIRED,"ACTIONS:permaticker=180382,date=2008-10-06,action=acquisitionby",cash_acquisition|stock_acquisition|mixed_acquisition (UNDETERMINED),SEC 8-K Item 2.01 (completion) or Item 1.03 (bankruptcy); definitive merger agreement/proxy (consideration + exchange ratio); exchange delisting notice; issuer IR announcement,P2_CONSIDERATION_UNKNOWN,PENDING_TRANSACTION_EVIDENCE_SEALED_PERIOD_NO_SELECTION_KNOWN,SHARADAR_20260620,2,0,23b44db823cbf84d
EV-46149624b3b4e9f2,PHASEF_2006_2015_POSSIBLE_ELIGIBLE_UNIVERSE_ONLY,188897,LEHMQ,LEHMAN BROTHERS HOLDINGS INC,806085,bankruptcyliquidation,2008-10-15,55.6,N/A,N/A,2008-10-15,BANKRUPTCY_LIQUIDATION,"ACTIONS:permaticker=188897,date=2008-10-15,action=bankruptcyliquidation",verified_bankruptcy_zero_recovery (UNVERIFIED),SEC 8-K Item 2.01 (completion) or Item 1.03 (bankruptcy); definitive merger agreement/proxy (consideration + exchange ratio); exchange delisting notice; issuer IR announcement,P1_ZERO_RECOVERY_CLAIM,PENDING_TRANSACTION_EVIDENCE_SEALED_PERIOD_NO_SELECTION_KNOWN,SHARADAR_20260620,1,0,27c0cf42e5eea0cf
EV-b5b4be941801cdb3,PHASEF_2006_2015_POSSIBLE_ELIGIBLE_UNIVERSE_ONLY,183067,HPC,HERCULES INC,46989,acquisitionby,2008-11-13,2159.4,ASH,ASHLAND INC,2008-11-13,ACQUIRED,"ACTIONS:permaticker=183067,date=2008-11-13,action=acquisitionby",cash_acquisition|stock_acquisition|mixed_acquisition (UNDETERMINED),SEC 8-K Item 2.01 (completion) or Item 1.03 (bankruptcy); definitive merger agreement/proxy (consideration + exchange ratio); exchange delisting notice; issuer IR announcement,P2_CONSIDERATION_UNKNOWN,PENDING_TRANSACTION_EVIDENCE_SEALED_PERIOD_NO_SELECTION_KNOWN,SHARADAR_20260620,2,0,627799dfddf63ac4
EV-cfc0e5a757f863db,PHASEF_2006_2015_POSSIBLE_ELIGIBLE_UNIVERSE_ONLY,185400,BUD1,ANHEUSER-BUSCH COMPANIES INC,310569,delisted,2008-11-17,49586.3,N/A,N/A,2008-11-17,DELISTED_OTHER,"ACTIONS:permaticker=185400,date=2008-11-17,action=delisted",unverified_ma,SEC 8-K Item 2.01 (completion) or Item 1.03 (bankruptcy); definitive merger agreement/proxy (consideration + exchange ratio); exchange delisting notice; issuer IR announcement,P3_DELISTING_TERMS,PENDING_TRANSACTION_EVIDENCE_SEALED_PERIOD_NO_SELECTION_KNOWN,SHARADAR_20260620,2,0,86afae4f3305a3ef
EV-91e3c9f1ab46e82f,PHASEF_2006_2015_POSSIBLE_ELIGIBLE_UNIVERSE_ONLY,173408,ABI1,APPLIED BIOSYSTEMS INC,77551,acquisitionby,2008-11-21,4734.9,LIFE2,LIFE TECHNOLOGIES CORP,2008-11-21,ACQUIRED,"ACTIONS:permaticker=173408,date=2008-11-21,action=acquisitionby",cash_acquisition|stock_acquisition|mixed_acquisition (UNDETERMINED),SEC 8-K Item 2.01 (completion) or Item 1.03 (bankruptcy); definitive merger agreement/proxy (consideration + exchange ratio); exchange delisting notice; issuer IR announcement,P2_CONSIDERATION_UNKNOWN,PENDING_TRANSACTION_EVIDENCE_SEALED_PERIOD_NO_SELECTION_KNOWN,SHARADAR_20260620,2,0,92f443186197058c
EV-72ecfb058baccbc7,PHASEF_2006_2015_POSSIBLE_ELIGIBLE_UNIVERSE_ONLY,185412,AW,ALLIED WASTE INDUSTRIES INC,848865,acquisitionby,2008-12-05,4390.5,RSG,REPUBLIC SERVICES INC,2008-12-05,ACQUIRED,"ACTIONS:permaticker=185412,date=2008-12-05,action=acquisitionby",cash_acquisition|stock_acquisition|mixed_acquisition (UNDETERMINED),SEC 8-K Item 2.01 (completion) or Item 1.03 (bankruptcy); definitive merger agreement/proxy (consideration + exchange ratio); exchange delisting notice; issuer IR announcement,P2_CONSIDERATION_UNKNOWN,PENDING_TRANSACTION_EVIDENCE_SEALED_PERIOD_NO_SELECTION_KNOWN,SHARADAR_20260620,2,0,d92135c066498242
EV-2adf101d6c5070d1,PHASEF_2006_2015_POSSIBLE_ELIGIBLE_UNIVERSE_ONLY,185392,BRL,BARR PHARMACEUTICALS INC,10081,acquisitionby,2008-12-22,7201.5,TEVA,TEVA PHARMACEUTICAL INDUSTRIES LTD,2008-12-22,ACQUIRED,"ACTIONS:permaticker=185392,date=2008-12-22,action=acquisitionby",cash_acquisition|stock_acquisition|mixed_acquisition (UNDETERMINED),SEC 8-K Item 2.01 (completion) or Item 1.03 (bankruptcy); definitive merger agreement/proxy (consideration + exchange ratio); exchange delisting notice; issuer IR announcement,P2_CONSIDERATION_UNKNOWN,PENDING_TRANSACTION_EVIDENCE_SEALED_PERIOD_NO_SELECTION_KNOWN,SHARADAR_20260620,2,0,a084df36f19435fd
EV-c8c2342a73db0f70,PHASEF_2006_2015_POSSIBLE_ELIGIBLE_UNIVERSE_ONLY,173407,WB1,WACHOVIA CORP NEW,36995,acquisitionby,2008-12-31,11971.5,WFC,WELLS FARGO & COMPANY,2008-12-31,ACQUIRED,"ACTIONS:permaticker=173407,date=2008-12-31,action=acquisitionby",cash_acquisition|stock_acquisition|mixed_acquisition (UNDETERMINED),SEC 8-K Item 2.01 (completion) or Item 1.03 (bankruptcy); definitive merger agreement/proxy (consideration + exchange ratio); exchange delisting notice; issuer IR announcement,P2_CONSIDERATION_UNKNOWN,PENDING_TRANSACTION_EVIDENCE_SEALED_PERIOD_NO_SELECTION_KNOWN,SHARADAR_20260620,2,0,4f36ee6fdf8a4a4d
EV-2bf1e54870efeb60,PHASEF_2006_2015_POSSIBLE_ELIGIBLE_UNIVERSE_ONLY,185417,NCC,NATIONAL CITY CORP,69970,acquisitionby,2008-12-31,3685.3,PNC,PNC FINANCIAL SERVICES GROUP INC,2008-12-31,ACQUIRED,"ACTIONS:permaticker=185417,date=2008-12-31,action=acquisitionby",cash_acquisition|stock_acquisition|mixed_acquisition (UNDETERMINED),SEC 8-K Item 2.01 (completion) or Item 1.03 (bankruptcy); definitive merger agreement/proxy (consideration + exchange ratio); exchange delisting notice; issuer IR announcement,P2_CONSIDERATION_UNKNOWN,PENDING_TRANSACTION_EVIDENCE_SEALED_PERIOD_NO_SELECTION_KNOWN,SHARADAR_20260620,2,0,aefaeefdc01e4fb2
EV-815a59557eabe985,PHASEF_2006_2015_POSSIBLE_ELIGIBLE_UNIVERSE_ONLY,199543,MER,MERRILL LYNCH & CO INC,65100,acquisitionby,2008-12-31,18637.6,BAC,BANK OF AMERICA CORP,2008-12-31,ACQUIRED,"ACTIONS:permaticker=199543,date=2008-12-31,action=acquisitionby",cash_acquisition|stock_acquisition|mixed_acquisition (UNDETERMINED),SEC 8-K Item 2.01 (completion) or Item 1.03 (bankruptcy); definitive merger agreement/proxy (consideration + exchange ratio); exchange delisting notice; issuer IR announcement,P2_CONSIDERATION_UNKNOWN,PENDING_TRANSACTION_EVIDENCE_SEALED_PERIOD_NO_SELECTION_KNOWN,SHARADAR_20260620,2,0,166490186e6fba44
EV-3ae543280ddf91a9,PHASEF_2006_2015_POSSIBLE_ELIGIBLE_UNIVERSE_ONLY,185395,UST1,UST INC,811669,acquisitionby,2009-01-05,10307.5,MO,ALTRIA GROUP INC,2009-01-05,ACQUIRED,"ACTIONS:permaticker=185395,date=2009-01-05,action=acquisitionby",cash_acquisition|stock_acquisition|mixed_acquisition (UNDETERMINED),SEC 8-K Item 2.01 (completion) or Item 1.03 (bankruptcy); definitive merger agreement/proxy (consideration + exchange ratio); exchange delisting notice; issuer IR announcement,P2_CONSIDERATION_UNKNOWN,PENDING_TRANSACTION_EVIDENCE_SEALED_PERIOD_NO_SELECTION_KNOWN,SHARADAR_20260620,2,0,9845fee1ff27f29a
EV-4e559e41ea20293e,PHASEF_2006_2015_POSSIBLE_ELIGIBLE_UNIVERSE_ONLY,198356,SOV,SOVEREIGN BANCORP INC,811830,acquisitionby,2009-01-29,1639.9,SAN,BANCO SANTANDER SA,2009-01-29,ACQUIRED,"ACTIONS:permaticker=198356,date=2009-01-29,action=acquisitionby",cash_acquisition|stock_acquisition|mixed_acquisition (UNDETERMINED),SEC 8-K Item 2.01 (completion) or Item 1.03 (bankruptcy); definitive merger agreement/proxy (consideration + exchange ratio); exchange delisting notice; issuer IR announcement,P2_CONSIDERATION_UNKNOWN,PENDING_TRANSACTION_EVIDENCE_SEALED_PERIOD_NO_SELECTION_KNOWN,SHARADAR_20260620,2,0,806c91e23e92e6a0
EV-d46eb4c5846695f4,PHASEF_2006_2015_POSSIBLE_ELIGIBLE_UNIVERSE_ONLY,178636,ROH,ROHM & HAAS CO,84792,acquisitionby,2009-04-01,15414.4,DD,DUPONT DE NEMOURS INC,2009-04-01,ACQUIRED,"ACTIONS:permaticker=178636,date=2009-04-01,action=acquisitionby",cash_acquisition|stock_acquisition|mixed_acquisition (UNDETERMINED),SEC 8-K Item 2.01 (completion) or Item 1.03 (bankruptcy); definitive merger agreement/proxy (consideration + exchange ratio); exchange delisting notice; issuer IR announcement,P2_CONSIDERATION_UNKNOWN,PENDING_TRANSACTION_EVIDENCE_SEALED_PERIOD_NO_SELECTION_KNOWN,SHARADAR_20260620,2,0,bb0cb73f375ed188
EV-0aeefd829a358112,PHASEF_2006_2015_POSSIBLE_ELIGIBLE_UNIVERSE_ONLY,180415,EQ1,EMBARQ CORP,1350031,acquisitionby,2009-06-30,6008.4,LUMN,LUMEN TECHNOLOGIES INC,2009-06-30,ACQUIRED,"ACTIONS:permaticker=180415,date=2009-06-30,action=acquisitionby",cash_acquisition|stock_acquisition|mixed_acquisition (UNDETERMINED),SEC 8-K Item 2.01 (completion) or Item 1.03 (bankruptcy); definitive merger agreement/proxy (consideration + exchange ratio); exchange delisting notice; issuer IR announcement,P2_CONSIDERATION_UNKNOWN,PENDING_TRANSACTION_EVIDENCE_SEALED_PERIOD_NO_SELECTION_KNOWN,SHARADAR_20260620,2,0,a0ae6d3aaa1322b9
EV-b0ad8ac1332630d9,PHASEF_2006_2015_POSSIBLE_ELIGIBLE_UNIVERSE_ONLY,185396,CTX1,CENTEX CORP,18532,acquisitionby,2009-08-18,1497.6,PHM,PULTEGROUP INC,2009-08-18,ACQUIRED,"ACTIONS:permaticker=185396,date=2009-08-18,action=acquisitionby",cash_acquisition|stock_acquisition|mixed_acquisition (UNDETERMINED),SEC 8-K Item 2.01 (completion) or Item 1.03 (bankruptcy); definitive merger agreement/proxy (consideration + exchange ratio); exchange delisting notice; issuer IR announcement,P2_CONSIDERATION_UNKNOWN,PENDING_TRANSACTION_EVIDENCE_SEALED_PERIOD_NO_SELECTION_KNOWN,SHARADAR_20260620,2,0,4d25fe2c09d6f081
EV-e90baf7ed7d76b00,PHASEF_2006_2015_POSSIBLE_ELIGIBLE_UNIVERSE_ONLY,188818,WYE,WYETH,5187,acquisitionby,2009-10-15,67273.5,PFE,PFIZER INC,2009-10-15,ACQUIRED,"ACTIONS:permaticker=188818,date=2009-10-15,action=acquisitionby",cash_acquisition|stock_acquisition|mixed_acquisition (UNDETERMINED),SEC 8-K Item 2.01 (completion) or Item 1.03 (bankruptcy); definitive merger agreement/proxy (consideration + exchange ratio); exchange delisting notice; issuer IR announcement,P2_CONSIDERATION_UNKNOWN,PENDING_TRANSACTION_EVIDENCE_SEALED_PERIOD_NO_SELECTION_KNOWN,SHARADAR_20260620,2,0,99d8b2c445030b75
EV-4f212c6656efb013,PHASEF_2006_2015_POSSIBLE_ELIGIBLE_UNIVERSE_ONLY,165457,SGP1,SCHERING PLOUGH CORP,310158,acquisitionby,2009-11-03,46142.1,MRK,MERCK & CO INC,2009-11-03,ACQUIRED,"ACTIONS:permaticker=165457,date=2009-11-03,action=acquisitionby",cash_acquisition|stock_acquisition|mixed_acquisition (UNDETERMINED),SEC 8-K Item 2.01 (completion) or Item 1.03 (bankruptcy); definitive merger agreement/proxy (consideration + exchange ratio); exchange delisting notice; issuer IR announcement,P2_CONSIDERATION_UNKNOWN,PENDING_TRANSACTION_EVIDENCE_SEALED_PERIOD_NO_SELECTION_KNOWN,SHARADAR_20260620,2,0,17984eee04c4671e
EV-412fb561e0baa42c,PHASEF_2006_2015_POSSIBLE_ELIGIBLE_UNIVERSE_ONLY,116371,CITGQ,CIT GROUP INC,1171825,bankruptcyliquidation,2009-12-09,20.2,N/A,N/A,2009-12-09,BANKRUPTCY_LIQUIDATION,"ACTIONS:permaticker=116371,date=2009-12-09,action=bankruptcyliquidation",verified_bankruptcy_zero_recovery (UNVERIFIED),SEC 8-K Item 2.01 (completion) or Item 1.03 (bankruptcy); definitive merger agreement/proxy (consideration + exchange ratio); exchange delisting notice; issuer IR announcement,P1_ZERO_RECOVERY_CLAIM,PENDING_TRANSACTION_EVIDENCE_SEALED_PERIOD_NO_SELECTION_KNOWN,SHARADAR_20260620,1,0,5d5e8dff9f4a2ef3
EV-883fefc522c9f938,PHASEF_2006_2015_POSSIBLE_ELIGIBLE_UNIVERSE_ONLY,185406,JAVA1,SUN MICROSYSTEMS INC,709519,acquisitionby,2010-01-26,7154.9,ORCL,ORACLE CORP,2010-01-26,ACQUIRED,"ACTIONS:permaticker=185406,date=2010-01-26,action=acquisitionby",cash_acquisition|stock_acquisition|mixed_acquisition (UNDETERMINED),SEC 8-K Item 2.01 (completion) or Item 1.03 (bankruptcy); definitive merger agreement/proxy (consideration + exchange ratio); exchange delisting notice; issuer IR announcement,P2_CONSIDERATION_UNKNOWN,PENDING_TRANSACTION_EVIDENCE_SEALED_PERIOD_NO_SELECTION_KNOWN,SHARADAR_20260620,2,0,3ccb68a4838a3fd6
EV-fed3185dcf450ade,PHASEF_2006_2015_POSSIBLE_ELIGIBLE_UNIVERSE_ONLY,185398,ACS,AFFILIATED COMPUTER SERVICES INC,2135,acquisitionby,2010-02-05,5826.1,XRX,XEROX HOLDINGS CORP,2010-02-05,ACQUIRED,"ACTIONS:permaticker=185398,date=2010-02-05,action=acquisitionby",cash_acquisition|stock_acquisition|mixed_acquisition (UNDETERMINED),SEC 8-K Item 2.01 (completion) or Item 1.03 (bankruptcy); definitive merger agreement/proxy (consideration + exchange ratio); exchange delisting notice; issuer IR announcement,P2_CONSIDERATION_UNKNOWN,PENDING_TRANSACTION_EVIDENCE_SEALED_PERIOD_NO_SELECTION_KNOWN,SHARADAR_20260620,2,0,384301130c09675a
EV-42de03bf3b717f64,PHASEF_2006_2015_POSSIBLE_ELIGIBLE_UNIVERSE_ONLY,197312,BNI,BURLINGTON NORTHERN SANTA FE CORP,934612,acquisitionby,2010-02-12,34196.1,BRK.B,BERKSHIRE HATHAWAY INC,2010-02-12,ACQUIRED,"ACTIONS:permaticker=197312,date=2010-02-12,action=acquisitionby",cash_acquisition|stock_acquisition|mixed_acquisition (UNDETERMINED),SEC 8-K Item 2.01 (completion) or Item 1.03 (bankruptcy); definitive merger agreement/proxy (consideration + exchange ratio); exchange delisting notice; issuer IR announcement,P2_CONSIDERATION_UNKNOWN,PENDING_TRANSACTION_EVIDENCE_SEALED_PERIOD_NO_SELECTION_KNOWN,SHARADAR_20260620,2,0,76d01efe8501609e
EV-98e566f105bc7c35,PHASEF_2006_2015_POSSIBLE_ELIGIBLE_UNIVERSE_ONLY,185568,RX,IMS HEALTH INC,1058083,acquisitionby,2010-02-24,4027.2,N/A,TPG CAPITAL LP,2010-02-24,ACQUIRED,"ACTIONS:permaticker=185568,date=2010-02-24,action=acquisitionby",cash_acquisition|stock_acquisition|mixed_acquisition (UNDETERMINED),SEC 8-K Item 2.01 (completion) or Item 1.03 (bankruptcy); definitive merger agreement/proxy (consideration + exchange ratio); exchange delisting notice; issuer IR announcement,P2_CONSIDERATION_UNKNOWN,PENDING_TRANSACTION_EVIDENCE_SEALED_PERIOD_NO_SELECTION_KNOWN,SHARADAR_20260620,2,0,033ac0f41cc86903
EV-f65a163b2bdb2f53,PHASEF_2006_2015_POSSIBLE_ELIGIBLE_UNIVERSE_ONLY,188300,PBG,PEPSI BOTTLING GROUP INC,1076405,acquisitionby,2010-02-26,8479.4,PEP,PEPSICO INC,2010-02-26,ACQUIRED,"ACTIONS:permaticker=188300,date=2010-02-26,action=acquisitionby",cash_acquisition|stock_acquisition|mixed_acquisition (UNDETERMINED),SEC 8-K Item 2.01 (completion) or Item 1.03 (bankruptcy); definitive merger agreement/proxy (consideration + exchange ratio); exchange delisting notice; issuer IR announcement,P2_CONSIDERATION_UNKNOWN,PENDING_TRANSACTION_EVIDENCE_SEALED_PERIOD_NO_SELECTION_KNOWN,SHARADAR_20260620,2,0,3560bdbb786b275a
EV-2673f0acad1ab08d,PHASEF_2006_2015_POSSIBLE_ELIGIBLE_UNIVERSE_ONLY,186663,BDK,BLACK & DECKER CORP,12355,acquisitionby,2010-03-12,4565.5,SWK,STANLEY BLACK & DECKER INC,2010-03-12,ACQUIRED,"ACTIONS:permaticker=186663,date=2010-03-12,action=acquisitionby",cash_acquisition|stock_acquisition|mixed_acquisition (UNDETERMINED),SEC 8-K Item 2.01 (completion) or Item 1.03 (bankruptcy); definitive merger agreement/proxy (consideration + exchange ratio); exchange delisting notice; issuer IR announcement,P2_CONSIDERATION_UNKNOWN,PENDING_TRANSACTION_EVIDENCE_SEALED_PERIOD_NO_SELECTION_KNOWN,SHARADAR_20260620,2,0,2b1d982f543af11b
EV-0a56638956591509,PHASEF_2006_2015_POSSIBLE_ELIGIBLE_UNIVERSE_ONLY,188317,BJS,BJ SERVICES CO,864328,acquisitionby,2010-04-28,6808.3,BHI,BAKER HUGHES INC,2010-04-28,ACQUIRED,"ACTIONS:permaticker=188317,date=2010-04-28,action=acquisitionby",cash_acquisition|stock_acquisition|mixed_acquisition (UNDETERMINED),SEC 8-K Item 2.01 (completion) or Item 1.03 (bankruptcy); definitive merger agreement/proxy (consideration + exchange ratio); exchange delisting notice; issuer IR announcement,P2_CONSIDERATION_UNKNOWN,PENDING_TRANSACTION_EVIDENCE_SEALED_PERIOD_NO_SELECTION_KNOWN,SHARADAR_20260620,2,0,409be536b2319fee
EV-5f6cd33fc360489a,PHASEF_2006_2015_POSSIBLE_ELIGIBLE_UNIVERSE_ONLY,188657,XTO,XTO ENERGY INC,868809,acquisitionby,2010-06-25,24432.1,XOM,EXXON MOBIL CORP,2010-06-25,ACQUIRED,"ACTIONS:permaticker=188657,date=2010-06-25,action=acquisitionby",cash_acquisition|stock_acquisition|mixed_acquisition (UNDETERMINED),SEC 8-K Item 2.01 (completion) or Item 1.03 (bankruptcy); definitive merger agreement/proxy (consideration + exchange ratio); exchange delisting notice; issuer IR announcement,P2_CONSIDERATION_UNKNOWN,PENDING_TRANSACTION_EVIDENCE_SEALED_PERIOD_NO_SELECTION_KNOWN,SHARADAR_20260620,2,0,c909a83fd923e229
EV-76805334fee9ae20,PHASEF_2006_2015_POSSIBLE_ELIGIBLE_UNIVERSE_ONLY,187943,MIL1,MILLIPORE CORP,66479,acquisitionby,2010-07-14,6013.8,MKGAF,MERCK KGAA,2010-07-14,ACQUIRED,"ACTIONS:permaticker=187943,date=2010-07-14,action=acquisitionby",cash_acquisition|stock_acquisition|mixed_acquisition (UNDETERMINED),SEC 8-K Item 2.01 (completion) or Item 1.03 (bankruptcy); definitive merger agreement/proxy (consideration + exchange ratio); exchange delisting notice; issuer IR announcement,P2_CONSIDERATION_UNKNOWN,PENDING_TRANSACTION_EVIDENCE_SEALED_PERIOD_NO_SELECTION_KNOWN,SHARADAR_20260620,2,0,527a36e6c403b0bd
EV-64d62980a4de357f,PHASEF_2006_2015_POSSIBLE_ELIGIBLE_UNIVERSE_ONLY,188461,SII1,SMITH INTERNATIONAL INC,721083,acquisitionby,2010-08-27,9655.0,SLB,SLB LIMITED,2010-08-27,ACQUIRED,"ACTIONS:permaticker=188461,date=2010-08-27,action=acquisitionby",cash_acquisition|stock_acquisition|mixed_acquisition (UNDETERMINED),SEC 8-K Item 2.01 (completion) or Item 1.03 (bankruptcy); definitive merger agreement/proxy (consideration + exchange ratio); exchange delisting notice; issuer IR announcement,P2_CONSIDERATION_UNKNOWN,PENDING_TRANSACTION_EVIDENCE_SEALED_PERIOD_NO_SELECTION_KNOWN,SHARADAR_20260620,2,0,5d6261a120041021
EV-13e8fda5006ff9de,PHASEF_2006_2015_POSSIBLE_ELIGIBLE_UNIVERSE_ONLY,188972,PTV,PACTIV CORP,1089976,acquisitionby,2010-11-16,4425.1,PTVE,PACTIV EVERGREEN INC,2010-11-16,ACQUIRED,"ACTIONS:permaticker=188972,date=2010-11-16,action=acquisitionby",cash_acquisition|stock_acquisition|mixed_acquisition (UNDETERMINED),SEC 8-K Item 2.01 (completion) or Item 1.03 (bankruptcy); definitive merger agreement/proxy (consideration + exchange ratio); exchange delisting notice; issuer IR announcement,P2_CONSIDERATION_UNKNOWN,PENDING_TRANSACTION_EVIDENCE_SEALED_PERIOD_NO_SELECTION_KNOWN,SHARADAR_20260620,2,0,5103ae2f3298c310
EV-b440e3a4807a3c7a,PHASEF_2006_2015_POSSIBLE_ELIGIBLE_UNIVERSE_ONLY,188815,AYE,ALLEGHENY ENERGY INC,3673,acquisitionby,2011-02-25,4247.6,FE,FIRSTENERGY CORP,2011-02-25,ACQUIRED,"ACTIONS:permaticker=188815,date=2011-02-25,action=acquisitionby",cash_acquisition|stock_acquisition|mixed_acquisition (UNDETERMINED),SEC 8-K Item 2.01 (completion) or Item 1.03 (bankruptcy); definitive merger agreement/proxy (consideration + exchange ratio); exchange delisting notice; issuer IR announcement,P2_CONSIDERATION_UNKNOWN,PENDING_TRANSACTION_EVIDENCE_SEALED_PERIOD_NO_SELECTION_KNOWN,SHARADAR_20260620,2,0,bff8481fe7664416
EV-16029b137239fe94,PHASEF_2006_2015_POSSIBLE_ELIGIBLE_UNIVERSE_ONLY,188670,MFE,MCAFEE INC,890801,acquisitionby,2011-02-28,7556.9,INTC,INTEL CORP,2011-02-28,ACQUIRED,"ACTIONS:permaticker=188670,date=2011-02-28,action=acquisitionby",cash_acquisition|stock_acquisition|mixed_acquisition (UNDETERMINED),SEC 8-K Item 2.01 (completion) or Item 1.03 (bankruptcy); definitive merger agreement/proxy (consideration + exchange ratio); exchange delisting notice; issuer IR announcement,P2_CONSIDERATION_UNKNOWN,PENDING_TRANSACTION_EVIDENCE_SEALED_PERIOD_NO_SELECTION_KNOWN,SHARADAR_20260620,2,0,519f0b5c609286c4
EV-08cbbc83fd1f9841,PHASEF_2006_2015_POSSIBLE_ELIGIBLE_UNIVERSE_ONLY,188852,KG1,KING PHARMACEUTICALS INC,1047699,acquisitionby,2011-02-28,3559.6,PFE,PFIZER INC,2011-02-28,ACQUIRED,"ACTIONS:permaticker=188852,date=2011-02-28,action=acquisitionby",cash_acquisition|stock_acquisition|mixed_acquisition (UNDETERMINED),SEC 8-K Item 2.01 (completion) or Item 1.03 (bankruptcy); definitive merger agreement/proxy (consideration + exchange ratio); exchange delisting notice; issuer IR announcement,P2_CONSIDERATION_UNKNOWN,PENDING_TRANSACTION_EVIDENCE_SEALED_PERIOD_NO_SELECTION_KNOWN,SHARADAR_20260620,1,0,358fcad4c3953863
EV-3ba75f0a3c514e8d,PHASEF_2006_2015_POSSIBLE_ELIGIBLE_UNIVERSE_ONLY,196854,Q1,QWEST COMMUNICATIONS INTERNATIONAL INC,1037949,acquisitionby,2011-03-31,12057.0,LUMN,LUMEN TECHNOLOGIES INC,2011-03-31,ACQUIRED,"ACTIONS:permaticker=196854,date=2011-03-31,action=acquisitionby",cash_acquisition|stock_acquisition|mixed_acquisition (UNDETERMINED),SEC 8-K Item 2.01 (completion) or Item 1.03 (bankruptcy); definitive merger agreement/proxy (consideration + exchange ratio); exchange delisting notice; issuer IR announcement,P2_CONSIDERATION_UNKNOWN,PENDING_TRANSACTION_EVIDENCE_SEALED_PERIOD_NO_SELECTION_KNOWN,SHARADAR_20260620,2,0,dc6d35b07340fcd8
EV-deef96189b8dcedb,PHASEF_2006_2015_POSSIBLE_ELIGIBLE_UNIVERSE_ONLY,188727,GENZ1,GENZYME CORP,732485,acquisitionby,2011-04-08,19915.6,SNY,SANOFI,2011-04-08,ACQUIRED,"ACTIONS:permaticker=188727,date=2011-04-08,action=acquisitionby",cash_acquisition|stock_acquisition|mixed_acquisition (UNDETERMINED),SEC 8-K Item 2.01 (completion) or Item 1.03 (bankruptcy); definitive merger agreement/proxy (consideration + exchange ratio); exchange delisting notice; issuer IR announcement,P2_CONSIDERATION_UNKNOWN,PENDING_TRANSACTION_EVIDENCE_SEALED_PERIOD_NO_SELECTION_KNOWN,SHARADAR_20260620,2,0,b64567e9d652f8c4
EV-c1600d747a910ebd,PHASEF_2006_2015_POSSIBLE_ELIGIBLE_UNIVERSE_ONLY,188604,NOVL,NOVELL INC,758004,acquisitionby,2011-04-27,2153.6,N/A,ATTACHMATE CORP,2011-04-27,ACQUIRED,"ACTIONS:permaticker=188604,date=2011-04-27,action=acquisitionby",cash_acquisition|stock_acquisition|mixed_acquisition (UNDETERMINED),SEC 8-K Item 2.01 (completion) or Item 1.03 (bankruptcy); definitive merger agreement/proxy (consideration + exchange ratio); exchange delisting notice; issuer IR announcement,P2_CONSIDERATION_UNKNOWN,PENDING_TRANSACTION_EVIDENCE_SEALED_PERIOD_NO_SELECTION_KNOWN,SHARADAR_20260620,2,0,947a7daa2b04e542
EV-767044b10997294d,PHASEF_2006_2015_POSSIBLE_ELIGIBLE_UNIVERSE_ONLY,188853,MEE,MASSEY ENERGY CO,37748,acquisitionby,2011-05-31,6716.1,ANRZQ,ALPHA NATURAL RESOURCES INC,2011-05-31,ACQUIRED,"ACTIONS:permaticker=188853,date=2011-05-31,action=acquisitionby",cash_acquisition|stock_acquisition|mixed_acquisition (UNDETERMINED),SEC 8-K Item 2.01 (completion) or Item 1.03 (bankruptcy); definitive merger agreement/proxy (consideration + exchange ratio); exchange delisting notice; issuer IR announcement,P2_CONSIDERATION_UNKNOWN,PENDING_TRANSACTION_EVIDENCE_SEALED_PERIOD_NO_SELECTION_KNOWN,SHARADAR_20260620,2,0,7481fcc845e48d4b
EV-7a301cd30e70d8f3,PHASEF_2006_2015_POSSIBLE_ELIGIBLE_UNIVERSE_ONLY,188840,MI2,MARSHALL & ILSLEY CORP,1399315,acquisitionby,2011-07-05,4191.8,BMO,BANK OF MONTREAL,2011-07-05,ACQUIRED,"ACTIONS:permaticker=188840,date=2011-07-05,action=acquisitionby",cash_acquisition|stock_acquisition|mixed_acquisition (UNDETERMINED),SEC 8-K Item 2.01 (completion) or Item 1.03 (bankruptcy); definitive merger agreement/proxy (consideration + exchange ratio); exchange delisting notice; issuer IR announcement,P2_CONSIDERATION_UNKNOWN,PENDING_TRANSACTION_EVIDENCE_SEALED_PERIOD_NO_SELECTION_KNOWN,SHARADAR_20260620,2,0,f8594d128b4316e4
EV-0989b42173f7c586,PHASEF_2006_2015_POSSIBLE_ELIGIBLE_UNIVERSE_ONLY,188085,NSM1,NATIONAL SEMICONDUCTOR CORP,70530,acquisitionby,2011-09-23,6329.3,TXN,TEXAS INSTRUMENTS INC,2011-09-23,ACQUIRED,"ACTIONS:permaticker=188085,date=2011-09-23,action=acquisitionby",cash_acquisition|stock_acquisition|mixed_acquisition (UNDETERMINED),SEC 8-K Item 2.01 (completion) or Item 1.03 (bankruptcy); definitive merger agreement/proxy (consideration + exchange ratio); exchange delisting notice; issuer IR announcement,P2_CONSIDERATION_UNKNOWN,PENDING_TRANSACTION_EVIDENCE_SEALED_PERIOD_NO_SELECTION_KNOWN,SHARADAR_20260620,2,0,8e3b49e7f51d65ac
EV-97feada1d6a741db,PHASEF_2006_2015_POSSIBLE_ELIGIBLE_UNIVERSE_ONLY,188644,CEPH,CEPHALON INC,873364,acquisitionby,2011-10-13,6351.2,TEVA,TEVA PHARMACEUTICAL INDUSTRIES LTD,2011-10-13,ACQUIRED,"ACTIONS:permaticker=188644,date=2011-10-13,action=acquisitionby",cash_acquisition|stock_acquisition|mixed_acquisition (UNDETERMINED),SEC 8-K Item 2.01 (completion) or Item 1.03 (bankruptcy); definitive merger agreement/proxy (consideration + exchange ratio); exchange delisting notice; issuer IR announcement,P2_CONSIDERATION_UNKNOWN,PENDING_TRANSACTION_EVIDENCE_SEALED_PERIOD_NO_SELECTION_KNOWN,SHARADAR_20260620,2,0,ddc9821140527c4d
EV-ed4f328cf95402c8,PHASEF_2006_2015_POSSIBLE_ELIGIBLE_UNIVERSE_ONLY,188681,GAS1,NICOR INC,72020,acquisitionby,2011-12-09,2497.7,GAS,AGL RESOURCES INC,2011-12-09,ACQUIRED,"ACTIONS:permaticker=188681,date=2011-12-09,action=acquisitionby",cash_acquisition|stock_acquisition|mixed_acquisition (UNDETERMINED),SEC 8-K Item 2.01 (completion) or Item 1.03 (bankruptcy); definitive merger agreement/proxy (consideration + exchange ratio); exchange delisting notice; issuer IR announcement,P2_CONSIDERATION_UNKNOWN,PENDING_TRANSACTION_EVIDENCE_SEALED_PERIOD_NO_SELECTION_KNOWN,SHARADAR_20260620,2,0,04484a420ed056f4
EV-44512ceefb857e54,PHASEF_2006_2015_POSSIBLE_ELIGIBLE_UNIVERSE_ONLY,188440,CEG1,CONSTELLATION ENERGY GROUP INC,1004440,acquisitionby,2012-03-12,7515.9,EXC,EXELON CORP,2012-03-12,ACQUIRED,"ACTIONS:permaticker=188440,date=2012-03-12,action=acquisitionby",cash_acquisition|stock_acquisition|mixed_acquisition (UNDETERMINED),SEC 8-K Item 2.01 (completion) or Item 1.03 (bankruptcy); definitive merger agreement/proxy (consideration + exchange ratio); exchange delisting notice; issuer IR announcement,P2_CONSIDERATION_UNKNOWN,PENDING_TRANSACTION_EVIDENCE_SEALED_PERIOD_NO_SELECTION_KNOWN,SHARADAR_20260620,1,0,827e28ce4fcc4959
EV-95fe8cc294627de2,PHASEF_2006_2015_POSSIBLE_ELIGIBLE_UNIVERSE_ONLY,188220,MHS,MEDCO HEALTH SOLUTIONS INC,1170650,acquisitionby,2012-03-30,27285.1,ESRX,EXPRESS SCRIPTS HOLDING CO,2012-03-30,ACQUIRED,"ACTIONS:permaticker=188220,date=2012-03-30,action=acquisitionby",cash_acquisition|stock_acquisition|mixed_acquisition (UNDETERMINED),SEC 8-K Item 2.01 (completion) or Item 1.03 (bankruptcy); definitive merger agreement/proxy (consideration + exchange ratio); exchange delisting notice; issuer IR announcement,P2_CONSIDERATION_UNKNOWN,PENDING_TRANSACTION_EVIDENCE_SEALED_PERIOD_NO_SELECTION_KNOWN,SHARADAR_20260620,1,0,f3e93879d3f87b72
EV-87641cdf5a3e3e3a,PHASEF_2006_2015_POSSIBLE_ELIGIBLE_UNIVERSE_ONLY,196656,CVH,COVENTRY HEALTH CARE INC,1054833,acquisitionby,2013-05-06,6735.6,AET,AETNA INC,2013-05-06,ACQUIRED,"ACTIONS:permaticker=196656,date=2013-05-06,action=acquisitionby",cash_acquisition|stock_acquisition|mixed_acquisition (UNDETERMINED),SEC 8-K Item 2.01 (completion) or Item 1.03 (bankruptcy); definitive merger agreement/proxy (consideration + exchange ratio); exchange delisting notice; issuer IR announcement,P2_CONSIDERATION_UNKNOWN,PENDING_TRANSACTION_EVIDENCE_SEALED_PERIOD_NO_SELECTION_KNOWN,SHARADAR_20260620,1,0,44c5eb899c3b2571
EV-6fdea4c9f9ab1ca2,PHASEF_2006_2015_POSSIBLE_ELIGIBLE_UNIVERSE_ONLY,199654,HNZ,HEINZ H J CO,46640,acquisitionby,2013-06-06,23244.0,N/A,3G CAPITAL PARTNERS LTD,2013-06-06,ACQUIRED,"ACTIONS:permaticker=199654,date=2013-06-06,action=acquisitionby",cash_acquisition|stock_acquisition|mixed_acquisition (UNDETERMINED),SEC 8-K Item 2.01 (completion) or Item 1.03 (bankruptcy); definitive merger agreement/proxy (consideration + exchange ratio); exchange delisting notice; issuer IR announcement,P2_CONSIDERATION_UNKNOWN,PENDING_TRANSACTION_EVIDENCE_SEALED_PERIOD_NO_SELECTION_KNOWN,SHARADAR_20260620,1,0,0d2a3a769ca0ee89
EV-79ede7b1f26ac039,PHASEF_2006_2015_POSSIBLE_ELIGIBLE_UNIVERSE_ONLY,198249,DELL1,DELL INC,826083,delisted,2013-10-29,24371.0,N/A,N/A,2013-10-29,DELISTED_OTHER,"ACTIONS:permaticker=198249,date=2013-10-29,action=delisted",unverified_ma,SEC 8-K Item 2.01 (completion) or Item 1.03 (bankruptcy); definitive merger agreement/proxy (consideration + exchange ratio); exchange delisting notice; issuer IR announcement,P3_DELISTING_TERMS,PENDING_TRANSACTION_EVIDENCE_SEALED_PERIOD_NO_SELECTION_KNOWN,SHARADAR_20260620,1,0,8f88551d3ec20177
EV-4cd6e16d0eb8180b,PHASEF_2006_2015_POSSIBLE_ELIGIBLE_UNIVERSE_ONLY,194415,NYX1,NYSE EURONEXT,1368007,acquisitionby,2013-11-12,11005.5,ICE,INTERCONTINENTAL EXCHANGE INC,2013-11-12,ACQUIRED,"ACTIONS:permaticker=194415,date=2013-11-12,action=acquisitionby",cash_acquisition|stock_acquisition|mixed_acquisition (UNDETERMINED),SEC 8-K Item 2.01 (completion) or Item 1.03 (bankruptcy); definitive merger agreement/proxy (consideration + exchange ratio); exchange delisting notice; issuer IR announcement,P2_CONSIDERATION_UNKNOWN,PENDING_TRANSACTION_EVIDENCE_SEALED_PERIOD_NO_SELECTION_KNOWN,SHARADAR_20260620,1,0,8fc879e4aa1fb7b6
EV-ee9998d132f35e0e,PHASEF_2006_2015_POSSIBLE_ELIGIBLE_UNIVERSE_ONLY,199520,MOLX,MOLEX INC,67472,acquisitionby,2013-12-06,6926.2,N/A,KOCH INDUSTRIES LLC,2013-12-06,ACQUIRED,"ACTIONS:permaticker=199520,date=2013-12-06,action=acquisitionby",cash_acquisition|stock_acquisition|mixed_acquisition (UNDETERMINED),SEC 8-K Item 2.01 (completion) or Item 1.03 (bankruptcy); definitive merger agreement/proxy (consideration + exchange ratio); exchange delisting notice; issuer IR announcement,P2_CONSIDERATION_UNKNOWN,PENDING_TRANSACTION_EVIDENCE_SEALED_PERIOD_NO_SELECTION_KNOWN,SHARADAR_20260620,1,0,b1be59759fb0b1c7
EV-a9afdb9d52676cd6,PHASEF_2006_2015_POSSIBLE_ELIGIBLE_UNIVERSE_ONLY,196469,LIFE2,LIFE TECHNOLOGIES CORP,1073431,acquisitionby,2014-02-03,13141.9,TMO,THERMO FISHER SCIENTIFIC INC,2014-02-03,ACQUIRED,"ACTIONS:permaticker=196469,date=2014-02-03,action=acquisitionby",cash_acquisition|stock_acquisition|mixed_acquisition (UNDETERMINED),SEC 8-K Item 2.01 (completion) or Item 1.03 (bankruptcy); definitive merger agreement/proxy (consideration + exchange ratio); exchange delisting notice; issuer IR announcement,P2_CONSIDERATION_UNKNOWN,PENDING_TRANSACTION_EVIDENCE_SEALED_PERIOD_NO_SELECTION_KNOWN,SHARADAR_20260620,2,0,0388714cdb3d8c6d
EV-60386cc9b27984d0,PHASEF_2006_2015_POSSIBLE_ELIGIBLE_UNIVERSE_ONLY,198507,BEAM2,BEAM INC,789073,acquisitionby,2014-04-30,13800.6,N/A,Suntory Holdings Limited,2014-04-30,ACQUIRED,"ACTIONS:permaticker=198507,date=2014-04-30,action=acquisitionby",cash_acquisition|stock_acquisition|mixed_acquisition (UNDETERMINED),SEC 8-K Item 2.01 (completion) or Item 1.03 (bankruptcy); definitive merger agreement/proxy (consideration + exchange ratio); exchange delisting notice; issuer IR announcement,P2_CONSIDERATION_UNKNOWN,PENDING_TRANSACTION_EVIDENCE_SEALED_PERIOD_NO_SELECTION_KNOWN,SHARADAR_20260620,2,0,1d85433039b1fa23
EV-5cbf0b8addb5e622,PHASEF_2006_2015_POSSIBLE_ELIGIBLE_UNIVERSE_ONLY,198946,LSI1,LSI CORP,703360,acquisitionby,2014-05-06,6298.2,AVGO,BROADCOM INC,2014-05-06,ACQUIRED,"ACTIONS:permaticker=198946,date=2014-05-06,action=acquisitionby",cash_acquisition|stock_acquisition|mixed_acquisition (UNDETERMINED),SEC 8-K Item 2.01 (completion) or Item 1.03 (bankruptcy); definitive merger agreement/proxy (consideration + exchange ratio); exchange delisting notice; issuer IR announcement,P2_CONSIDERATION_UNKNOWN,PENDING_TRANSACTION_EVIDENCE_SEALED_PERIOD_NO_SELECTION_KNOWN,SHARADAR_20260620,2,0,99466930f256af49
EV-5b25baa1e0b21f90,PHASEF_2006_2015_POSSIBLE_ELIGIBLE_UNIVERSE_ONLY,199710,FRX1,FOREST LABORATORIES INC,38074,acquisitionby,2014-06-30,26986.8,AGN,ALLERGAN PLC,2014-06-30,ACQUIRED,"ACTIONS:permaticker=199710,date=2014-06-30,action=acquisitionby",cash_acquisition|stock_acquisition|mixed_acquisition (UNDETERMINED),SEC 8-K Item 2.01 (completion) or Item 1.03 (bankruptcy); definitive merger agreement/proxy (consideration + exchange ratio); exchange delisting notice; issuer IR announcement,P2_CONSIDERATION_UNKNOWN,PENDING_TRANSACTION_EVIDENCE_SEALED_PERIOD_NO_SELECTION_KNOWN,SHARADAR_20260620,2,0,5482abfe05291f2e
EV-8e734a93d012bb79,PHASEF_2006_2015_POSSIBLE_ELIGIBLE_UNIVERSE_ONLY,194188,COV,COVIDIEN PLC,1385187,acquisitionby,2015-01-26,48500.5,MDT,MEDTRONIC PLC,2015-01-26,ACQUIRED,"ACTIONS:permaticker=194188,date=2015-01-26,action=acquisitionby",cash_acquisition|stock_acquisition|mixed_acquisition (UNDETERMINED),SEC 8-K Item 2.01 (completion) or Item 1.03 (bankruptcy); definitive merger agreement/proxy (consideration + exchange ratio); exchange delisting notice; issuer IR announcement,P2_CONSIDERATION_UNKNOWN,PENDING_TRANSACTION_EVIDENCE_SEALED_PERIOD_NO_SELECTION_KNOWN,SHARADAR_20260620,2,0,e32b6b27f0f04e34
EV-88d4962285dcaf42,PHASEF_2006_2015_POSSIBLE_ELIGIBLE_UNIVERSE_ONLY,199378,SWY,SAFEWAY INC,86144,acquisitionby,2015-01-29,8090.6,N/A,AB Acquisition LLC,2015-01-29,ACQUIRED,"ACTIONS:permaticker=199378,date=2015-01-29,action=acquisitionby",cash_acquisition|stock_acquisition|mixed_acquisition (UNDETERMINED),SEC 8-K Item 2.01 (completion) or Item 1.03 (bankruptcy); definitive merger agreement/proxy (consideration + exchange ratio); exchange delisting notice; issuer IR announcement,P2_CONSIDERATION_UNKNOWN,PENDING_TRANSACTION_EVIDENCE_SEALED_PERIOD_NO_SELECTION_KNOWN,SHARADAR_20260620,2,0,6dce912d5d13f166
EV-8827f46af7a75e43,PHASEF_2006_2015_POSSIBLE_ELIGIBLE_UNIVERSE_ONLY,198027,PETM,PETSMART INC,863157,acquisitionby,2015-03-11,8249.2,N/A,BC PARTNERS ADVISORS LP,2015-03-11,ACQUIRED,"ACTIONS:permaticker=198027,date=2015-03-11,action=acquisitionby",cash_acquisition|stock_acquisition|mixed_acquisition (UNDETERMINED),SEC 8-K Item 2.01 (completion) or Item 1.03 (bankruptcy); definitive merger agreement/proxy (consideration + exchange ratio); exchange delisting notice; issuer IR announcement,P2_CONSIDERATION_UNKNOWN,PENDING_TRANSACTION_EVIDENCE_SEALED_PERIOD_NO_SELECTION_KNOWN,SHARADAR_20260620,2,0,2b341ed89132b7e6
EV-91679cd234a4b83e,PHASEF_2006_2015_POSSIBLE_ELIGIBLE_UNIVERSE_ONLY,193275,CFN,CAREFUSION CORP,1457543,acquisitionby,2015-03-16,12238.4,BDX,BECTON DICKINSON & CO,2015-03-16,ACQUIRED,"ACTIONS:permaticker=193275,date=2015-03-16,action=acquisitionby",cash_acquisition|stock_acquisition|mixed_acquisition (UNDETERMINED),SEC 8-K Item 2.01 (completion) or Item 1.03 (bankruptcy); definitive merger agreement/proxy (consideration + exchange ratio); exchange delisting notice; issuer IR announcement,P2_CONSIDERATION_UNKNOWN,PENDING_TRANSACTION_EVIDENCE_SEALED_PERIOD_NO_SELECTION_KNOWN,SHARADAR_20260620,2,0,0a9248f29e116978
EV-240b8298389074d6,PHASEF_2006_2015_POSSIBLE_ELIGIBLE_UNIVERSE_ONLY,198103,AGN1,ALLERGAN INC,850693,acquisitionby,2015-03-16,73893.1,AGN,ALLERGAN PLC,2015-03-16,ACQUIRED,"ACTIONS:permaticker=198103,date=2015-03-16,action=acquisitionby",cash_acquisition|stock_acquisition|mixed_acquisition (UNDETERMINED),SEC 8-K Item 2.01 (completion) or Item 1.03 (bankruptcy); definitive merger agreement/proxy (consideration + exchange ratio); exchange delisting notice; issuer IR announcement,P2_CONSIDERATION_UNKNOWN,PENDING_TRANSACTION_EVIDENCE_SEALED_PERIOD_NO_SELECTION_KNOWN,SHARADAR_20260620,2,0,246234e68a7ebfb1
EV-723c308a4d18d9ff,PHASEF_2006_2015_POSSIBLE_ELIGIBLE_UNIVERSE_ONLY,193634,LO,LORILLARD INC,1424847,acquisitionby,2015-06-11,25727.4,RAI,REYNOLDS AMERICAN INC,2015-06-11,ACQUIRED,"ACTIONS:permaticker=193634,date=2015-06-11,action=acquisitionby",cash_acquisition|stock_acquisition|mixed_acquisition (UNDETERMINED),SEC 8-K Item 2.01 (completion) or Item 1.03 (bankruptcy); definitive merger agreement/proxy (consideration + exchange ratio); exchange delisting notice; issuer IR announcement,P2_CONSIDERATION_UNKNOWN,PENDING_TRANSACTION_EVIDENCE_SEALED_PERIOD_NO_SELECTION_KNOWN,SHARADAR_20260620,2,0,108ce09546cf3c9f
EV-9f6490c367f279de,PHASEF_2006_2015_POSSIBLE_ELIGIBLE_UNIVERSE_ONLY,197505,TEG,INTEGRYS HOLDING INC,916863,acquisitionby,2015-06-29,5570.2,WEC,WEC ENERGY GROUP INC,2015-06-29,ACQUIRED,"ACTIONS:permaticker=197505,date=2015-06-29,action=acquisitionby",cash_acquisition|stock_acquisition|mixed_acquisition (UNDETERMINED),SEC 8-K Item 2.01 (completion) or Item 1.03 (bankruptcy); definitive merger agreement/proxy (consideration + exchange ratio); exchange delisting notice; issuer IR announcement,P2_CONSIDERATION_UNKNOWN,PENDING_TRANSACTION_EVIDENCE_SEALED_PERIOD_NO_SELECTION_KNOWN,SHARADAR_20260620,2,0,70a320d3b2ddd2c6
EV-f27d05c2b7972cc1,PHASEF_2006_2015_POSSIBLE_ELIGIBLE_UNIVERSE_ONLY,195722,MWV,MEADWESTVACO CORP,1159297,delisted,2015-07-01,8105.4,N/A,N/A,2015-07-01,DELISTED_OTHER,"ACTIONS:permaticker=195722,date=2015-07-01,action=delisted",unverified_ma,SEC 8-K Item 2.01 (completion) or Item 1.03 (bankruptcy); definitive merger agreement/proxy (consideration + exchange ratio); exchange delisting notice; issuer IR announcement,P3_DELISTING_TERMS,PENDING_TRANSACTION_EVIDENCE_SEALED_PERIOD_NO_SELECTION_KNOWN,SHARADAR_20260620,2,0,ffe1bae7018bc10f
EV-5cdecef1c0553915,PHASEF_2006_2015_POSSIBLE_ELIGIBLE_UNIVERSE_ONLY,191963,KRFT,KRAFT FOODS GROUP INC,1545158,delisted,2015-07-02,52203.2,N/A,N/A,2015-07-02,DELISTED_OTHER,"ACTIONS:permaticker=191963,date=2015-07-02,action=delisted",unverified_ma,SEC 8-K Item 2.01 (completion) or Item 1.03 (bankruptcy); definitive merger agreement/proxy (consideration + exchange ratio); exchange delisting notice; issuer IR announcement,P3_DELISTING_TERMS,PENDING_TRANSACTION_EVIDENCE_SEALED_PERIOD_NO_SELECTION_KNOWN,SHARADAR_20260620,2,0,15a8a4d4e464f468
EV-0a6251540ed362eb,PHASEF_2006_2015_POSSIBLE_ELIGIBLE_UNIVERSE_ONLY,199736,FDO,FAMILY DOLLAR STORES INC,34408,acquisitionby,2015-07-06,9091.3,DLTR,DOLLAR TREE INC,2015-07-06,ACQUIRED,"ACTIONS:permaticker=199736,date=2015-07-06,action=acquisitionby",cash_acquisition|stock_acquisition|mixed_acquisition (UNDETERMINED),SEC 8-K Item 2.01 (completion) or Item 1.03 (bankruptcy); definitive merger agreement/proxy (consideration + exchange ratio); exchange delisting notice; issuer IR announcement,P2_CONSIDERATION_UNKNOWN,PENDING_TRANSACTION_EVIDENCE_SEALED_PERIOD_NO_SELECTION_KNOWN,SHARADAR_20260620,2,0,9b7811fa0dab7e76
EV-952ef527f00d9c2f,PHASEF_2006_2015_POSSIBLE_ELIGIBLE_UNIVERSE_ONLY,193222,DTV1,DIRECTV,1465112,acquisitionby,2015-07-24,47155.1,T,AT&T INC,2015-07-24,ACQUIRED,"ACTIONS:permaticker=193222,date=2015-07-24,action=acquisitionby",cash_acquisition|stock_acquisition|mixed_acquisition (UNDETERMINED),SEC 8-K Item 2.01 (completion) or Item 1.03 (bankruptcy); definitive merger agreement/proxy (consideration + exchange ratio); exchange delisting notice; issuer IR announcement,P2_CONSIDERATION_UNKNOWN,PENDING_TRANSACTION_EVIDENCE_SEALED_PERIOD_NO_SELECTION_KNOWN,SHARADAR_20260620,2,0,98070fad3ff90e7b
EV-9cf9cfc50bf148f1,PHASEF_2006_2015_POSSIBLE_ELIGIBLE_UNIVERSE_ONLY,199445,PLL1,PALL CORP,75829,acquisitionby,2015-08-28,13579.1,DHR,DANAHER CORP,2015-08-28,ACQUIRED,"ACTIONS:permaticker=199445,date=2015-08-28,action=acquisitionby",cash_acquisition|stock_acquisition|mixed_acquisition (UNDETERMINED),SEC 8-K Item 2.01 (completion) or Item 1.03 (bankruptcy); definitive merger agreement/proxy (consideration + exchange ratio); exchange delisting notice; issuer IR announcement,P2_CONSIDERATION_UNKNOWN,PENDING_TRANSACTION_EVIDENCE_SEALED_PERIOD_NO_SELECTION_KNOWN,SHARADAR_20260620,2,0,a33c0e2f3f90ca6f
EV-e36a9dd6b53e4972,PHASEF_2006_2015_POSSIBLE_ELIGIBLE_UNIVERSE_ONLY,195268,HSP,HOSPIRA INC,1274057,acquisitionby,2015-09-02,15555.4,PFE,PFIZER INC,2015-09-02,ACQUIRED,"ACTIONS:permaticker=195268,date=2015-09-02,action=acquisitionby",cash_acquisition|stock_acquisition|mixed_acquisition (UNDETERMINED),SEC 8-K Item 2.01 (completion) or Item 1.03 (bankruptcy); definitive merger agreement/proxy (consideration + exchange ratio); exchange delisting notice; issuer IR announcement,P2_CONSIDERATION_UNKNOWN,PENDING_TRANSACTION_EVIDENCE_SEALED_PERIOD_NO_SELECTION_KNOWN,SHARADAR_20260620,2,0,43f7462b4a1e25cb
EV-f264e7a20a216fbd,PHASEF_2006_2015_POSSIBLE_ELIGIBLE_UNIVERSE_ONLY,197442,HCBK,HUDSON CITY BANCORP INC,921847,acquisitionby,2015-10-30,5358.8,MTB,M&T BANK CORP,2015-10-30,ACQUIRED,"ACTIONS:permaticker=197442,date=2015-10-30,action=acquisitionby",cash_acquisition|stock_acquisition|mixed_acquisition (UNDETERMINED),SEC 8-K Item 2.01 (completion) or Item 1.03 (bankruptcy); definitive merger agreement/proxy (consideration + exchange ratio); exchange delisting notice; issuer IR announcement,P2_CONSIDERATION_UNKNOWN,PENDING_TRANSACTION_EVIDENCE_SEALED_PERIOD_NO_SELECTION_KNOWN,SHARADAR_20260620,2,0,6e9590d72a1bf4e9
EV-37b1154a7be8812b,PHASEF_2006_2015_POSSIBLE_ELIGIBLE_UNIVERSE_ONLY,199354,SIAL,SIGMA ALDRICH CORP,90185,acquisitionby,2015-11-18,16770.2,MKGAF,MERCK KGAA,2015-11-18,ACQUIRED,"ACTIONS:permaticker=199354,date=2015-11-18,action=acquisitionby",cash_acquisition|stock_acquisition|mixed_acquisition (UNDETERMINED),SEC 8-K Item 2.01 (completion) or Item 1.03 (bankruptcy); definitive merger agreement/proxy (consideration + exchange ratio); exchange delisting notice; issuer IR announcement,P2_CONSIDERATION_UNKNOWN,PENDING_TRANSACTION_EVIDENCE_SEALED_PERIOD_NO_SELECTION_KNOWN,SHARADAR_20260620,2,0,d56ce6d0e9d02175
EV-2fdd7bd4b8dd5280,PHASEF_2006_2015_POSSIBLE_ELIGIBLE_UNIVERSE_ONLY,116543,CMCSK,COMCAST CORP,1166691,delisted,2015-12-11,,N/A,N/A,2015-12-11,DELISTED_OTHER,"ACTIONS:permaticker=116543,date=2015-12-11,action=delisted",unverified_ma,SEC 8-K Item 2.01 (completion) or Item 1.03 (bankruptcy); definitive merger agreement/proxy (consideration + exchange ratio); exchange delisting notice; issuer IR announcement,P3_DELISTING_TERMS,PENDING_TRANSACTION_EVIDENCE_SEALED_PERIOD_NO_SELECTION_KNOWN,SHARADAR_20260620,1,0,a832829c3eb4df63
EV-886b34db043dadd9,PHASEF_2006_2015_POSSIBLE_ELIGIBLE_UNIVERSE_ONLY,198590,ALTR1,ALTERA CORP,768251,acquisitionby,2015-12-24,16342.2,INTC,INTEL CORP,2015-12-24,ACQUIRED,"ACTIONS:permaticker=198590,date=2015-12-24,action=acquisitionby",cash_acquisition|stock_acquisition|mixed_acquisition (UNDETERMINED),SEC 8-K Item 2.01 (completion) or Item 1.03 (bankruptcy); definitive merger agreement/proxy (consideration + exchange ratio); exchange delisting notice; issuer IR announcement,P2_CONSIDERATION_UNKNOWN,PENDING_TRANSACTION_EVIDENCE_SEALED_PERIOD_NO_SELECTION_KNOWN,SHARADAR_20260620,2,0,38ed453d622d75c9
EV-b2e547b19a3377bb,PHASEF_2006_2015_POSSIBLE_ELIGIBLE_UNIVERSE_ONLY,199850,CB1,CHUBB CORP,20171,acquisitionby,2016-01-14,28895.1,CB,CHUBB LTD,2016-01-14,ACQUIRED,"ACTIONS:permaticker=199850,date=2016-01-14,action=acquisitionby",cash_acquisition|stock_acquisition|mixed_acquisition (UNDETERMINED),SEC 8-K Item 2.01 (completion) or Item 1.03 (bankruptcy); definitive merger agreement/proxy (consideration + exchange ratio); exchange delisting notice; issuer IR announcement,P2_CONSIDERATION_UNKNOWN,PENDING_TRANSACTION_EVIDENCE_SEALED_PERIOD_NO_SELECTION_KNOWN,SHARADAR_20260620,2,0,1789ae899689898a
EV-f7bdd8994876aed9,PHASEF_2006_2015_POSSIBLE_ELIGIBLE_UNIVERSE_ONLY,196660,BRCM,BROADCOM CORP,1054374,acquisitionby,2016-01-29,33294.0,AVGO,BROADCOM INC,2016-01-29,ACQUIRED,"ACTIONS:permaticker=196660,date=2016-01-29,action=acquisitionby",cash_acquisition|stock_acquisition|mixed_acquisition (UNDETERMINED),SEC 8-K Item 2.01 (completion) or Item 1.03 (bankruptcy); definitive merger agreement/proxy (consideration + exchange ratio); exchange delisting notice; issuer IR announcement,P2_CONSIDERATION_UNKNOWN,PENDING_TRANSACTION_EVIDENCE_SEALED_PERIOD_NO_SELECTION_KNOWN,SHARADAR_20260620,2,0,e798e3cc931d277b
EV-c4b2b77301e215ae,PHASEF_2006_2015_POSSIBLE_ELIGIBLE_UNIVERSE_ONLY,199415,PCP,PRECISION CASTPARTS CORP,79958,acquisitionby,2016-01-29,32326.4,BRK.B,BERKSHIRE HATHAWAY INC,2016-01-29,ACQUIRED,"ACTIONS:permaticker=199415,date=2016-01-29,action=acquisitionby",cash_acquisition|stock_acquisition|mixed_acquisition (UNDETERMINED),SEC 8-K Item 2.01 (completion) or Item 1.03 (bankruptcy); definitive merger agreement/proxy (consideration + exchange ratio); exchange delisting notice; issuer IR announcement,P2_CONSIDERATION_UNKNOWN,PENDING_TRANSACTION_EVIDENCE_SEALED_PERIOD_NO_SELECTION_KNOWN,SHARADAR_20260620,2,0,432e29ec36a94b37
EV-dc4b881536b40d07,PHASEF_2006_2015_POSSIBLE_ELIGIBLE_UNIVERSE_ONLY,198117,PCL1,PLUM CREEK TIMBER CO INC,849213,acquisitionby,2016-02-19,6369.2,WY,WEYERHAEUSER CO,2016-02-19,ACQUIRED,"ACTIONS:permaticker=198117,date=2016-02-19,action=acquisitionby",cash_acquisition|stock_acquisition|mixed_acquisition (UNDETERMINED),SEC 8-K Item 2.01 (completion) or Item 1.03 (bankruptcy); definitive merger agreement/proxy (consideration + exchange ratio); exchange delisting notice; issuer IR announcement,P2_CONSIDERATION_UNKNOWN,PENDING_TRANSACTION_EVIDENCE_SEALED_PERIOD_NO_SELECTION_KNOWN,SHARADAR_20260620,2,0,a18dd8a8b05740fa
EV-43f35b45499ab20c,PHASEF_2006_2015_POSSIBLE_ELIGIBLE_UNIVERSE_ONLY,197592,GMCR,KEURIG GREEN MOUNTAIN INC,909954,acquisitionby,2016-03-02,13704.1,KDP,KEURIG DR PEPPER INC,2016-03-02,ACQUIRED,"ACTIONS:permaticker=197592,date=2016-03-02,action=acquisitionby",cash_acquisition|stock_acquisition|mixed_acquisition (UNDETERMINED),SEC 8-K Item 2.01 (completion) or Item 1.03 (bankruptcy); definitive merger agreement/proxy (consideration + exchange ratio); exchange delisting notice; issuer IR announcement,P2_CONSIDERATION_UNKNOWN,PENDING_TRANSACTION_EVIDENCE_SEALED_PERIOD_NO_SELECTION_KNOWN,SHARADAR_20260620,2,0,6a00fd970a869259
EV-dc2e86bcb007be0f,PHASEF_2006_2015_POSSIBLE_ELIGIBLE_UNIVERSE_ONLY,195861,POM1,PEPCO HOLDINGS INC,1135971,acquisitionby,2016-03-23,6849.4,EXC,EXELON CORP,2016-03-23,ACQUIRED,"ACTIONS:permaticker=195861,date=2016-03-23,action=acquisitionby",cash_acquisition|stock_acquisition|mixed_acquisition (UNDETERMINED),SEC 8-K Item 2.01 (completion) or Item 1.03 (bankruptcy); definitive merger agreement/proxy (consideration + exchange ratio); exchange delisting notice; issuer IR announcement,P2_CONSIDERATION_UNKNOWN,PENDING_TRANSACTION_EVIDENCE_SEALED_PERIOD_NO_SELECTION_KNOWN,SHARADAR_20260620,2,0,27bfcf8130e3fe7c
EV-7cd9261757a99227,PHASEF_2006_2015_POSSIBLE_ELIGIBLE_UNIVERSE_ONLY,197286,CAM2,CAMERON INTERNATIONAL CORP,941548,acquisitionby,2016-04-01,12647.5,SLB,SLB LIMITED,2016-04-01,ACQUIRED,"ACTIONS:permaticker=197286,date=2016-04-01,action=acquisitionby",cash_acquisition|stock_acquisition|mixed_acquisition (UNDETERMINED),SEC 8-K Item 2.01 (completion) or Item 1.03 (bankruptcy); definitive merger agreement/proxy (consideration + exchange ratio); exchange delisting notice; issuer IR announcement,P2_CONSIDERATION_UNKNOWN,PENDING_TRANSACTION_EVIDENCE_SEALED_PERIOD_NO_SELECTION_KNOWN,SHARADAR_20260620,1,0,5fe66d809bdcb199
EV-efbc596e6618fd16,PHASEF_2006_2015_POSSIBLE_ELIGIBLE_UNIVERSE_ONLY,191948,ADT1,ADT CORP,1546640,acquisitionby,2016-04-29,6939.8,APO,APOLLO GLOBAL MANAGEMENT INC,2016-04-29,ACQUIRED,"ACTIONS:permaticker=191948,date=2016-04-29,action=acquisitionby",cash_acquisition|stock_acquisition|mixed_acquisition (UNDETERMINED),SEC 8-K Item 2.01 (completion) or Item 1.03 (bankruptcy); definitive merger agreement/proxy (consideration + exchange ratio); exchange delisting notice; issuer IR announcement,P2_CONSIDERATION_UNKNOWN,PENDING_TRANSACTION_EVIDENCE_SEALED_PERIOD_NO_SELECTION_KNOWN,SHARADAR_20260620,1,0,6b2ccd7a5bf122eb
EV-d09e85eea495b1fa,PHASEF_2006_2015_POSSIBLE_ELIGIBLE_UNIVERSE_ONLY,197210,SNDK1,SANDISK CORP,1000180,acquisitionby,2016-05-11,15459.6,WDC,WESTERN DIGITAL CORP,2016-05-11,ACQUIRED,"ACTIONS:permaticker=197210,date=2016-05-11,action=acquisitionby",cash_acquisition|stock_acquisition|mixed_acquisition (UNDETERMINED),SEC 8-K Item 2.01 (completion) or Item 1.03 (bankruptcy); definitive merger agreement/proxy (consideration + exchange ratio); exchange delisting notice; issuer IR announcement,P2_CONSIDERATION_UNKNOWN,PENDING_TRANSACTION_EVIDENCE_SEALED_PERIOD_NO_SELECTION_KNOWN,SHARADAR_20260620,1,0,254997f78f1af4ee
EV-4145c6b3ded0aab2,PHASEF_2006_2015_POSSIBLE_ELIGIBLE_UNIVERSE_ONLY,194291,TWC,TIME WARNER CABLE INC,1377013,acquisitionby,2016-05-17,59662.0,CHTR,CHARTER COMMUNICATIONS INC,2016-05-17,ACQUIRED,"ACTIONS:permaticker=194291,date=2016-05-17,action=acquisitionby",cash_acquisition|stock_acquisition|mixed_acquisition (UNDETERMINED),SEC 8-K Item 2.01 (completion) or Item 1.03 (bankruptcy); definitive merger agreement/proxy (consideration + exchange ratio); exchange delisting notice; issuer IR announcement,P2_CONSIDERATION_UNKNOWN,PENDING_TRANSACTION_EVIDENCE_SEALED_PERIOD_NO_SELECTION_KNOWN,SHARADAR_20260620,1,0,cd870671160dd445
EV-4448f8243bb82b92,PHASEF_2006_2015_POSSIBLE_ELIGIBLE_UNIVERSE_ONLY,198401,ARG,AIRGAS INC,804212,acquisitionby,2016-05-20,10407.8,AIQUY,L'AIR LIQUIDE SA,2016-05-20,ACQUIRED,"ACTIONS:permaticker=198401,date=2016-05-20,action=acquisitionby",cash_acquisition|stock_acquisition|mixed_acquisition (UNDETERMINED),SEC 8-K Item 2.01 (completion) or Item 1.03 (bankruptcy); definitive merger agreement/proxy (consideration + exchange ratio); exchange delisting notice; issuer IR announcement,P2_CONSIDERATION_UNKNOWN,PENDING_TRANSACTION_EVIDENCE_SEALED_PERIOD_NO_SELECTION_KNOWN,SHARADAR_20260620,1,0,3fcf608d2afcb78e
EV-bbf5f41350ffa266,PHASEF_2006_2015_POSSIBLE_ELIGIBLE_UNIVERSE_ONLY,119350,CCE1,COCA-COLA ENTERPRISES INC,1491675,delisted,2016-05-27,11750.2,N/A,N/A,2016-05-27,DELISTED_OTHER,"ACTIONS:permaticker=119350,date=2016-05-27,action=delisted",unverified_ma,SEC 8-K Item 2.01 (completion) or Item 1.03 (bankruptcy); definitive merger agreement/proxy (consideration + exchange ratio); exchange delisting notice; issuer IR announcement,P3_DELISTING_TERMS,PENDING_TRANSACTION_EVIDENCE_SEALED_PERIOD_NO_SELECTION_KNOWN,SHARADAR_20260620,1,0,046418caedd0d31e
EV-c7a7bf3a78ecc988,PHASEF_2006_2015_POSSIBLE_ELIGIBLE_UNIVERSE_ONLY,196674,CVC,CABLEVISION SYSTEMS CORP,1053112,acquisitionby,2016-06-20,9635.5,ALLVF,ALTICE NV,2016-06-20,ACQUIRED,"ACTIONS:permaticker=196674,date=2016-06-20,action=acquisitionby",cash_acquisition|stock_acquisition|mixed_acquisition (UNDETERMINED),SEC 8-K Item 2.01 (completion) or Item 1.03 (bankruptcy); definitive merger agreement/proxy (consideration + exchange ratio); exchange delisting notice; issuer IR announcement,P2_CONSIDERATION_UNKNOWN,PENDING_TRANSACTION_EVIDENCE_SEALED_PERIOD_NO_SELECTION_KNOWN,SHARADAR_20260620,1,0,9ea289739a2d3dd0
EV-1afd3f60d1e60de9,PHASEF_2006_2015_POSSIBLE_ELIGIBLE_UNIVERSE_ONLY,197152,GAS,AGL RESOURCES INC,1004155,acquisitionby,2016-06-30,7961.3,SO,SOUTHERN CO,2016-06-30,ACQUIRED,"ACTIONS:permaticker=197152,date=2016-06-30,action=acquisitionby",cash_acquisition|stock_acquisition|mixed_acquisition (UNDETERMINED),SEC 8-K Item 2.01 (completion) or Item 1.03 (bankruptcy); definitive merger agreement/proxy (consideration + exchange ratio); exchange delisting notice; issuer IR announcement,P2_CONSIDERATION_UNKNOWN,PENDING_TRANSACTION_EVIDENCE_SEALED_PERIOD_NO_SELECTION_KNOWN,SHARADAR_20260620,1,0,e46a5e22242e4f13
EV-405a06cf50454091,PHASEF_2006_2015_POSSIBLE_ELIGIBLE_UNIVERSE_ONLY,199049,TE1,TECO ENERGY INC,350563,acquisitionby,2016-06-30,6510.6,EMA,EMERA INC,2016-06-30,ACQUIRED,"ACTIONS:permaticker=199049,date=2016-06-30,action=acquisitionby",cash_acquisition|stock_acquisition|mixed_acquisition (UNDETERMINED),SEC 8-K Item 2.01 (completion) or Item 1.03 (bankruptcy); definitive merger agreement/proxy (consideration + exchange ratio); exchange delisting notice; issuer IR announcement,P2_CONSIDERATION_UNKNOWN,PENDING_TRANSACTION_EVIDENCE_SEALED_PERIOD_NO_SELECTION_KNOWN,SHARADAR_20260620,1,0,8bb6ca5cdb677dc4
