exposure_id,event_id,evaluation_window,formation_date,deploy_date,scheduled_exit_date,permaticker,last_trade_date,event_type,clone_lot_hits,affected_clone_count,first_clone_id,data_vintage_id,content_hash
EV-89d1e24fef6506a5|2006-03-31|PHASEF_2006_2015_POSSIBLE_ELIGIBLE_UNIVERSE_ONLY,EV-89d1e24fef6506a5,PHASEF_2006_2015_POSSIBLE_ELIGIBLE_UNIVERSE_ONLY,2006-03-31,2006-04-03,2006-10-02,167927,2006-09-29,ACQUIRED,0,0,,SHARADAR_20260620,e0629001bc823a5d
EV-e5249dff677fdc5a|2006-03-31|PHASEF_2006_2015_POSSIBLE_ELIGIBLE_UNIVERSE_ONLY,EV-e5249dff677fdc5a,PHASEF_2006_2015_POSSIBLE_ELIGIBLE_UNIVERSE_ONLY,2006-03-31,2006-04-03,2006-10-02,184651,2006-08-09,ACQUIRED,0,0,,SHARADAR_20260620,b288fbb7fe1fc460
EV-90e382587612e613|2006-03-31|PHASEF_2006_2015_POSSIBLE_ELIGIBLE_UNIVERSE_ONLY,EV-90e382587612e613,PHASEF_2006_2015_POSSIBLE_ELIGIBLE_UNIVERSE_ONLY,2006-03-31,2006-04-03,2006-10-02,185389,2006-04-19,ACQUIRED,0,0,,SHARADAR_20260620,04a4e8dc1f14df47
EV-da6840fd6c61f2b3|2006-03-31|PHASEF_2006_2015_POSSIBLE_ELIGIBLE_UNIVERSE_ONLY,EV-da6840fd6c61f2b3,PHASEF_2006_2015_POSSIBLE_ELIGIBLE_UNIVERSE_ONLY,2006-03-31,2006-04-03,2006-10-02,185403,2006-06-27,ACQUIRED,0,0,,SHARADAR_20260620,946e1cf22d424211
EV-a1bf58f93b22fb72|2006-03-31|PHASEF_2006_2015_POSSIBLE_ELIGIBLE_UNIVERSE_ONLY,EV-a1bf58f93b22fb72,PHASEF_2006_2015_POSSIBLE_ELIGIBLE_UNIVERSE_ONLY,2006-03-31,2006-04-03,2006-10-02,185413,2006-06-09,ACQUIRED,0,0,,SHARADAR_20260620,331548c0caab77e5
EV-2be6fd14ea9b7cb7|2006-03-31|PHASEF_2006_2015_POSSIBLE_ELIGIBLE_UNIVERSE_ONLY,EV-2be6fd14ea9b7cb7,PHASEF_2006_2015_POSSIBLE_ELIGIBLE_UNIVERSE_ONLY,2006-03-31,2006-04-03,2006-10-02,185415,2006-06-01,ACQUIRED,0,0,,SHARADAR_20260620,332a67a86cf936d1
EV-3f5c79d50f90decd|2006-03-31|PHASEF_2006_2015_POSSIBLE_ELIGIBLE_UNIVERSE_ONLY,EV-3f5c79d50f90decd,PHASEF_2006_2015_POSSIBLE_ELIGIBLE_UNIVERSE_ONLY,2006-03-31,2006-04-03,2006-10-02,185418,2006-04-21,ACQUIRED,0,0,,SHARADAR_20260620,6899c36967214dac
EV-3119d830b0119657|2006-06-30|PHASEF_2006_2015_POSSIBLE_ELIGIBLE_UNIVERSE_ONLY,EV-3119d830b0119657,PHASEF_2006_2015_POSSIBLE_ELIGIBLE_UNIVERSE_ONLY,2006-06-30,2006-07-03,2007-01-03,115105,2006-11-17,DELISTED_OTHER,0,0,,SHARADAR_20260620,55bf1cf451ad38dd
EV-89d1e24fef6506a5|2006-06-30|PHASEF_2006_2015_POSSIBLE_ELIGIBLE_UNIVERSE_ONLY,EV-89d1e24fef6506a5,PHASEF_2006_2015_POSSIBLE_ELIGIBLE_UNIVERSE_ONLY,2006-06-30,2006-07-03,2007-01-03,167927,2006-09-29,ACQUIRED,0,0,,SHARADAR_20260620,4e9e75040425c9bd
EV-530c933dbd120e19|2006-06-30|PHASEF_2006_2015_POSSIBLE_ELIGIBLE_UNIVERSE_ONLY,EV-530c933dbd120e19,PHASEF_2006_2015_POSSIBLE_ELIGIBLE_UNIVERSE_ONLY,2006-06-30,2006-07-03,2007-01-03,176978,2006-11-30,ACQUIRED,0,0,,SHARADAR_20260620,b65f798ba1ff71a2
EV-e5249dff677fdc5a|2006-06-30|PHASEF_2006_2015_POSSIBLE_ELIGIBLE_UNIVERSE_ONLY,EV-e5249dff677fdc5a,PHASEF_2006_2015_POSSIBLE_ELIGIBLE_UNIVERSE_ONLY,2006-06-30,2006-07-03,2007-01-03,184651,2006-08-09,ACQUIRED,0,0,,SHARADAR_20260620,1fca66f448176840
EV-f1c4723cb2cc8839|2006-06-30|PHASEF_2006_2015_POSSIBLE_ELIGIBLE_UNIVERSE_ONLY,EV-f1c4723cb2cc8839,PHASEF_2006_2015_POSSIBLE_ELIGIBLE_UNIVERSE_ONLY,2006-06-30,2006-07-03,2007-01-03,185391,2006-12-29,ACQUIRED,0,0,,SHARADAR_20260620,6560117957086556
EV-779d439fe03f1154|2006-06-30|PHASEF_2006_2015_POSSIBLE_ELIGIBLE_UNIVERSE_ONLY,EV-779d439fe03f1154,PHASEF_2006_2015_POSSIBLE_ELIGIBLE_UNIVERSE_ONLY,2006-06-30,2006-07-03,2007-01-03,185393,2006-11-30,ACQUIRED,0,0,,SHARADAR_20260620,a007a75d37b4cdb5
EV-4a33a33e83fe09e1|2006-06-30|PHASEF_2006_2015_POSSIBLE_ELIGIBLE_UNIVERSE_ONLY,EV-4a33a33e83fe09e1,PHASEF_2006_2015_POSSIBLE_ELIGIBLE_UNIVERSE_ONLY,2006-06-30,2006-07-03,2007-01-03,185408,2006-11-09,ACQUIRED,0,0,,SHARADAR_20260620,1e276c9e78bf1ceb
EV-c5ef7a213e28cecd|2006-06-30|PHASEF_2006_2015_POSSIBLE_ELIGIBLE_UNIVERSE_ONLY,EV-c5ef7a213e28cecd,PHASEF_2006_2015_POSSIBLE_ELIGIBLE_UNIVERSE_ONLY,2006-06-30,2006-07-03,2007-01-03,185414,2006-11-03,ACQUIRED,0,0,,SHARADAR_20260620,fd8870e511dae157
EV-c08571fd7f5e72ec|2006-06-30|PHASEF_2006_2015_POSSIBLE_ELIGIBLE_UNIVERSE_ONLY,EV-c08571fd7f5e72ec,PHASEF_2006_2015_POSSIBLE_ELIGIBLE_UNIVERSE_ONLY,2006-06-30,2006-07-03,2007-01-03,186594,2006-12-01,ACQUIRED,0,0,,SHARADAR_20260620,c57f118f803186d4
EV-8cd289b292e53285|2007-12-31|PHASEF_2006_2015_POSSIBLE_ELIGIBLE_UNIVERSE_ONLY,EV-8cd289b292e53285,PHASEF_2006_2015_POSSIBLE_ELIGIBLE_UNIVERSE_ONLY,2007-12-31,2008-01-02,2008-07-01,116535,2008-01-28,ACQUIRED,0,0,,SHARADAR_20260620,4d750055e2884f8d
EV-222ce5421c4f4b6a|2007-12-31|PHASEF_2006_2015_POSSIBLE_ELIGIBLE_UNIVERSE_ONLY,EV-222ce5421c4f4b6a,PHASEF_2006_2015_POSSIBLE_ELIGIBLE_UNIVERSE_ONLY,2007-12-31,2008-01-02,2008-07-01,123481,2008-05-30,ACQUIRED,0,0,,SHARADAR_20260620,feda3cad9878d788
EV-52117b40dff93f9e|2007-12-31|PHASEF_2006_2015_POSSIBLE_ELIGIBLE_UNIVERSE_ONLY,EV-52117b40dff93f9e,PHASEF_2006_2015_POSSIBLE_ELIGIBLE_UNIVERSE_ONLY,2007-12-31,2008-01-02,2008-07-01,181624,2008-03-28,ACQUIRED,0,0,,SHARADAR_20260620,dd66c85f50f93300
EV-5c9e737add09b694|2007-12-31|PHASEF_2006_2015_POSSIBLE_ELIGIBLE_UNIVERSE_ONLY,EV-5c9e737add09b694,PHASEF_2006_2015_POSSIBLE_ELIGIBLE_UNIVERSE_ONLY,2007-12-31,2008-01-02,2008-07-01,185387,2008-06-30,ACQUIRED,0,0,,SHARADAR_20260620,f58768f39bed1a58
EV-1714568bb6be3762|2007-12-31|PHASEF_2006_2015_POSSIBLE_ELIGIBLE_UNIVERSE_ONLY,EV-1714568bb6be3762,PHASEF_2006_2015_POSSIBLE_ELIGIBLE_UNIVERSE_ONLY,2007-12-31,2008-01-02,2008-07-01,185411,2008-06-05,ACQUIRED,0,0,,SHARADAR_20260620,9d158002262c0059
EV-222ce5421c4f4b6a|2008-03-31|PHASEF_2006_2015_POSSIBLE_ELIGIBLE_UNIVERSE_ONLY,EV-222ce5421c4f4b6a,PHASEF_2006_2015_POSSIBLE_ELIGIBLE_UNIVERSE_ONLY,2008-03-31,2008-04-01,2008-10-01,123481,2008-05-30,ACQUIRED,0,0,,SHARADAR_20260620,d610594f4b6ce3af
EV-acefd3c5eaa3e142|2008-03-31|PHASEF_2006_2015_POSSIBLE_ELIGIBLE_UNIVERSE_ONLY,EV-acefd3c5eaa3e142,PHASEF_2006_2015_POSSIBLE_ELIGIBLE_UNIVERSE_ONLY,2008-03-31,2008-04-01,2008-10-01,168388,2008-08-25,ACQUIRED,0,0,,SHARADAR_20260620,dcf9cfd578f2dd0f
EV-5c9e737add09b694|2008-03-31|PHASEF_2006_2015_POSSIBLE_ELIGIBLE_UNIVERSE_ONLY,EV-5c9e737add09b694,PHASEF_2006_2015_POSSIBLE_ELIGIBLE_UNIVERSE_ONLY,2008-03-31,2008-04-01,2008-10-01,185387,2008-06-30,ACQUIRED,0,0,,SHARADAR_20260620,bcc02d37eb323700
EV-503b3c6c106f6e8b|2008-03-31|PHASEF_2006_2015_POSSIBLE_ELIGIBLE_UNIVERSE_ONLY,EV-503b3c6c106f6e8b,PHASEF_2006_2015_POSSIBLE_ELIGIBLE_UNIVERSE_ONLY,2008-03-31,2008-04-01,2008-10-01,185404,2008-09-22,ACQUIRED,0,0,,SHARADAR_20260620,747c23436f1ebb5d
EV-1714568bb6be3762|2008-03-31|PHASEF_2006_2015_POSSIBLE_ELIGIBLE_UNIVERSE_ONLY,EV-1714568bb6be3762,PHASEF_2006_2015_POSSIBLE_ELIGIBLE_UNIVERSE_ONLY,2008-03-31,2008-04-01,2008-10-01,185411,2008-06-05,ACQUIRED,0,0,,SHARADAR_20260620,5154ec4a3f574fb1
EV-c525d32836ad3269|2008-03-31|PHASEF_2006_2015_POSSIBLE_ELIGIBLE_UNIVERSE_ONLY,EV-c525d32836ad3269,PHASEF_2006_2015_POSSIBLE_ELIGIBLE_UNIVERSE_ONLY,2008-03-31,2008-04-01,2008-10-01,198719,2008-07-29,ACQUIRED,0,0,,SHARADAR_20260620,7ac6773370231532
EV-acefd3c5eaa3e142|2008-06-30|PHASEF_2006_2015_POSSIBLE_ELIGIBLE_UNIVERSE_ONLY,EV-acefd3c5eaa3e142,PHASEF_2006_2015_POSSIBLE_ELIGIBLE_UNIVERSE_ONLY,2008-06-30,2008-07-01,2009-01-02,168388,2008-08-25,ACQUIRED,0,0,,SHARADAR_20260620,c7538d9b4777deec
EV-c8c2342a73db0f70|2008-06-30|PHASEF_2006_2015_POSSIBLE_ELIGIBLE_UNIVERSE_ONLY,EV-c8c2342a73db0f70,PHASEF_2006_2015_POSSIBLE_ELIGIBLE_UNIVERSE_ONLY,2008-06-30,2008-07-01,2009-01-02,173407,2008-12-31,ACQUIRED,0,0,,SHARADAR_20260620,ccf7f2622dd5e7ab
EV-91e3c9f1ab46e82f|2008-06-30|PHASEF_2006_2015_POSSIBLE_ELIGIBLE_UNIVERSE_ONLY,EV-91e3c9f1ab46e82f,PHASEF_2006_2015_POSSIBLE_ELIGIBLE_UNIVERSE_ONLY,2008-06-30,2008-07-01,2009-01-02,173408,2008-11-21,ACQUIRED,0,0,,SHARADAR_20260620,f72a39bb3457d420
EV-55e04f8902e1e2d4|2008-06-30|PHASEF_2006_2015_POSSIBLE_ELIGIBLE_UNIVERSE_ONLY,EV-55e04f8902e1e2d4,PHASEF_2006_2015_POSSIBLE_ELIGIBLE_UNIVERSE_ONLY,2008-06-30,2008-07-01,2009-01-02,180382,2008-10-06,ACQUIRED,0,0,,SHARADAR_20260620,a966dd7fa4efb7af
EV-b5b4be941801cdb3|2008-06-30|PHASEF_2006_2015_POSSIBLE_ELIGIBLE_UNIVERSE_ONLY,EV-b5b4be941801cdb3,PHASEF_2006_2015_POSSIBLE_ELIGIBLE_UNIVERSE_ONLY,2008-06-30,2008-07-01,2009-01-02,183067,2008-11-13,ACQUIRED,0,0,,SHARADAR_20260620,c8e85608f58ef30e
EV-2adf101d6c5070d1|2008-06-30|PHASEF_2006_2015_POSSIBLE_ELIGIBLE_UNIVERSE_ONLY,EV-2adf101d6c5070d1,PHASEF_2006_2015_POSSIBLE_ELIGIBLE_UNIVERSE_ONLY,2008-06-30,2008-07-01,2009-01-02,185392,2008-12-22,ACQUIRED,0,0,,SHARADAR_20260620,373c1072fec0d2bf
EV-cfc0e5a757f863db|2008-06-30|PHASEF_2006_2015_POSSIBLE_ELIGIBLE_UNIVERSE_ONLY,EV-cfc0e5a757f863db,PHASEF_2006_2015_POSSIBLE_ELIGIBLE_UNIVERSE_ONLY,2008-06-30,2008-07-01,2009-01-02,185400,2008-11-17,DELISTED_OTHER,0,0,,SHARADAR_20260620,6d51a0cb296af685
EV-503b3c6c106f6e8b|2008-06-30|PHASEF_2006_2015_POSSIBLE_ELIGIBLE_UNIVERSE_ONLY,EV-503b3c6c106f6e8b,PHASEF_2006_2015_POSSIBLE_ELIGIBLE_UNIVERSE_ONLY,2008-06-30,2008-07-01,2009-01-02,185404,2008-09-22,ACQUIRED,0,0,,SHARADAR_20260620,0e106452eacdaaa6
EV-72ecfb058baccbc7|2008-06-30|PHASEF_2006_2015_POSSIBLE_ELIGIBLE_UNIVERSE_ONLY,EV-72ecfb058baccbc7,PHASEF_2006_2015_POSSIBLE_ELIGIBLE_UNIVERSE_ONLY,2008-06-30,2008-07-01,2009-01-02,185412,2008-12-05,ACQUIRED,0,0,,SHARADAR_20260620,0498b7e4cec1d284
EV-2bf1e54870efeb60|2008-06-30|PHASEF_2006_2015_POSSIBLE_ELIGIBLE_UNIVERSE_ONLY,EV-2bf1e54870efeb60,PHASEF_2006_2015_POSSIBLE_ELIGIBLE_UNIVERSE_ONLY,2008-06-30,2008-07-01,2009-01-02,185417,2008-12-31,ACQUIRED,0,0,,SHARADAR_20260620,d6b33c6441d3bb04
EV-46149624b3b4e9f2|2008-06-30|PHASEF_2006_2015_POSSIBLE_ELIGIBLE_UNIVERSE_ONLY,EV-46149624b3b4e9f2,PHASEF_2006_2015_POSSIBLE_ELIGIBLE_UNIVERSE_ONLY,2008-06-30,2008-07-01,2009-01-02,188897,2008-10-15,BANKRUPTCY_LIQUIDATION,0,0,,SHARADAR_20260620,1a5c1b1bad0a9a4d
EV-c525d32836ad3269|2008-06-30|PHASEF_2006_2015_POSSIBLE_ELIGIBLE_UNIVERSE_ONLY,EV-c525d32836ad3269,PHASEF_2006_2015_POSSIBLE_ELIGIBLE_UNIVERSE_ONLY,2008-06-30,2008-07-01,2009-01-02,198719,2008-07-29,ACQUIRED,0,0,,SHARADAR_20260620,8d1de7c35b53a293
EV-815a59557eabe985|2008-06-30|PHASEF_2006_2015_POSSIBLE_ELIGIBLE_UNIVERSE_ONLY,EV-815a59557eabe985,PHASEF_2006_2015_POSSIBLE_ELIGIBLE_UNIVERSE_ONLY,2008-06-30,2008-07-01,2009-01-02,199543,2008-12-31,ACQUIRED,0,0,,SHARADAR_20260620,9228608989eaaaa4
EV-c8c2342a73db0f70|2008-09-30|PHASEF_2006_2015_POSSIBLE_ELIGIBLE_UNIVERSE_ONLY,EV-c8c2342a73db0f70,PHASEF_2006_2015_POSSIBLE_ELIGIBLE_UNIVERSE_ONLY,2008-09-30,2008-10-01,2009-04-01,173407,2008-12-31,ACQUIRED,0,0,,SHARADAR_20260620,86db6e477c573f3c
EV-91e3c9f1ab46e82f|2008-09-30|PHASEF_2006_2015_POSSIBLE_ELIGIBLE_UNIVERSE_ONLY,EV-91e3c9f1ab46e82f,PHASEF_2006_2015_POSSIBLE_ELIGIBLE_UNIVERSE_ONLY,2008-09-30,2008-10-01,2009-04-01,173408,2008-11-21,ACQUIRED,0,0,,SHARADAR_20260620,e66d32aa65540725
EV-55e04f8902e1e2d4|2008-09-30|PHASEF_2006_2015_POSSIBLE_ELIGIBLE_UNIVERSE_ONLY,EV-55e04f8902e1e2d4,PHASEF_2006_2015_POSSIBLE_ELIGIBLE_UNIVERSE_ONLY,2008-09-30,2008-10-01,2009-04-01,180382,2008-10-06,ACQUIRED,0,0,,SHARADAR_20260620,415855aa9f22388a
EV-b5b4be941801cdb3|2008-09-30|PHASEF_2006_2015_POSSIBLE_ELIGIBLE_UNIVERSE_ONLY,EV-b5b4be941801cdb3,PHASEF_2006_2015_POSSIBLE_ELIGIBLE_UNIVERSE_ONLY,2008-09-30,2008-10-01,2009-04-01,183067,2008-11-13,ACQUIRED,0,0,,SHARADAR_20260620,7baf26a6c68da4fd
EV-2adf101d6c5070d1|2008-09-30|PHASEF_2006_2015_POSSIBLE_ELIGIBLE_UNIVERSE_ONLY,EV-2adf101d6c5070d1,PHASEF_2006_2015_POSSIBLE_ELIGIBLE_UNIVERSE_ONLY,2008-09-30,2008-10-01,2009-04-01,185392,2008-12-22,ACQUIRED,0,0,,SHARADAR_20260620,852befe9b0430a05
EV-3ae543280ddf91a9|2008-09-30|PHASEF_2006_2015_POSSIBLE_ELIGIBLE_UNIVERSE_ONLY,EV-3ae543280ddf91a9,PHASEF_2006_2015_POSSIBLE_ELIGIBLE_UNIVERSE_ONLY,2008-09-30,2008-10-01,2009-04-01,185395,2009-01-05,ACQUIRED,0,0,,SHARADAR_20260620,2dbf91a988d37b8d
EV-cfc0e5a757f863db|2008-09-30|PHASEF_2006_2015_POSSIBLE_ELIGIBLE_UNIVERSE_ONLY,EV-cfc0e5a757f863db,PHASEF_2006_2015_POSSIBLE_ELIGIBLE_UNIVERSE_ONLY,2008-09-30,2008-10-01,2009-04-01,185400,2008-11-17,DELISTED_OTHER,0,0,,SHARADAR_20260620,ee18c04a23914668
EV-72ecfb058baccbc7|2008-09-30|PHASEF_2006_2015_POSSIBLE_ELIGIBLE_UNIVERSE_ONLY,EV-72ecfb058baccbc7,PHASEF_2006_2015_POSSIBLE_ELIGIBLE_UNIVERSE_ONLY,2008-09-30,2008-10-01,2009-04-01,185412,2008-12-05,ACQUIRED,0,0,,SHARADAR_20260620,5122b5fe0bfe9e36
EV-2bf1e54870efeb60|2008-09-30|PHASEF_2006_2015_POSSIBLE_ELIGIBLE_UNIVERSE_ONLY,EV-2bf1e54870efeb60,PHASEF_2006_2015_POSSIBLE_ELIGIBLE_UNIVERSE_ONLY,2008-09-30,2008-10-01,2009-04-01,185417,2008-12-31,ACQUIRED,0,0,,SHARADAR_20260620,fbcd6eabebd42d35
EV-4e559e41ea20293e|2008-09-30|PHASEF_2006_2015_POSSIBLE_ELIGIBLE_UNIVERSE_ONLY,EV-4e559e41ea20293e,PHASEF_2006_2015_POSSIBLE_ELIGIBLE_UNIVERSE_ONLY,2008-09-30,2008-10-01,2009-04-01,198356,2009-01-29,ACQUIRED,0,0,,SHARADAR_20260620,f162ff361c315d7f
EV-815a59557eabe985|2008-09-30|PHASEF_2006_2015_POSSIBLE_ELIGIBLE_UNIVERSE_ONLY,EV-815a59557eabe985,PHASEF_2006_2015_POSSIBLE_ELIGIBLE_UNIVERSE_ONLY,2008-09-30,2008-10-01,2009-04-01,199543,2008-12-31,ACQUIRED,0,0,,SHARADAR_20260620,41c46cf51b3d1666
EV-d46eb4c5846695f4|2008-12-31|PHASEF_2006_2015_POSSIBLE_ELIGIBLE_UNIVERSE_ONLY,EV-d46eb4c5846695f4,PHASEF_2006_2015_POSSIBLE_ELIGIBLE_UNIVERSE_ONLY,2008-12-31,2009-01-02,2009-07-01,178636,2009-04-01,ACQUIRED,0,0,,SHARADAR_20260620,2dda0d39a0ffe896
EV-0aeefd829a358112|2008-12-31|PHASEF_2006_2015_POSSIBLE_ELIGIBLE_UNIVERSE_ONLY,EV-0aeefd829a358112,PHASEF_2006_2015_POSSIBLE_ELIGIBLE_UNIVERSE_ONLY,2008-12-31,2009-01-02,2009-07-01,180415,2009-06-30,ACQUIRED,0,0,,SHARADAR_20260620,09709aa7aecba536
EV-3ae543280ddf91a9|2008-12-31|PHASEF_2006_2015_POSSIBLE_ELIGIBLE_UNIVERSE_ONLY,EV-3ae543280ddf91a9,PHASEF_2006_2015_POSSIBLE_ELIGIBLE_UNIVERSE_ONLY,2008-12-31,2009-01-02,2009-07-01,185395,2009-01-05,ACQUIRED,0,0,,SHARADAR_20260620,c718a6df49bbeadd
EV-4e559e41ea20293e|2008-12-31|PHASEF_2006_2015_POSSIBLE_ELIGIBLE_UNIVERSE_ONLY,EV-4e559e41ea20293e,PHASEF_2006_2015_POSSIBLE_ELIGIBLE_UNIVERSE_ONLY,2008-12-31,2009-01-02,2009-07-01,198356,2009-01-29,ACQUIRED,0,0,,SHARADAR_20260620,d6b316fc8d7d57eb
EV-d46eb4c5846695f4|2009-03-31|PHASEF_2006_2015_POSSIBLE_ELIGIBLE_UNIVERSE_ONLY,EV-d46eb4c5846695f4,PHASEF_2006_2015_POSSIBLE_ELIGIBLE_UNIVERSE_ONLY,2009-03-31,2009-04-01,2009-10-01,178636,2009-04-01,ACQUIRED,0,0,,SHARADAR_20260620,781a40222f3c143f
EV-0aeefd829a358112|2009-03-31|PHASEF_2006_2015_POSSIBLE_ELIGIBLE_UNIVERSE_ONLY,EV-0aeefd829a358112,PHASEF_2006_2015_POSSIBLE_ELIGIBLE_UNIVERSE_ONLY,2009-03-31,2009-04-01,2009-10-01,180415,2009-06-30,ACQUIRED,0,0,,SHARADAR_20260620,42f65de1ad16771a
EV-b0ad8ac1332630d9|2009-03-31|PHASEF_2006_2015_POSSIBLE_ELIGIBLE_UNIVERSE_ONLY,EV-b0ad8ac1332630d9,PHASEF_2006_2015_POSSIBLE_ELIGIBLE_UNIVERSE_ONLY,2009-03-31,2009-04-01,2009-10-01,185396,2009-08-18,ACQUIRED,0,0,,SHARADAR_20260620,a7de412436c8393f
EV-412fb561e0baa42c|2009-06-30|PHASEF_2006_2015_POSSIBLE_ELIGIBLE_UNIVERSE_ONLY,EV-412fb561e0baa42c,PHASEF_2006_2015_POSSIBLE_ELIGIBLE_UNIVERSE_ONLY,2009-06-30,2009-07-01,2010-01-04,116371,2009-12-09,BANKRUPTCY_LIQUIDATION,0,0,,SHARADAR_20260620,14ea590de4440c74
EV-4f212c6656efb013|2009-06-30|PHASEF_2006_2015_POSSIBLE_ELIGIBLE_UNIVERSE_ONLY,EV-4f212c6656efb013,PHASEF_2006_2015_POSSIBLE_ELIGIBLE_UNIVERSE_ONLY,2009-06-30,2009-07-01,2010-01-04,165457,2009-11-03,ACQUIRED,0,0,,SHARADAR_20260620,65db9c02ce507305
EV-b0ad8ac1332630d9|2009-06-30|PHASEF_2006_2015_POSSIBLE_ELIGIBLE_UNIVERSE_ONLY,EV-b0ad8ac1332630d9,PHASEF_2006_2015_POSSIBLE_ELIGIBLE_UNIVERSE_ONLY,2009-06-30,2009-07-01,2010-01-04,185396,2009-08-18,ACQUIRED,0,0,,SHARADAR_20260620,9c4aac65042e83a7
EV-e90baf7ed7d76b00|2009-06-30|PHASEF_2006_2015_POSSIBLE_ELIGIBLE_UNIVERSE_ONLY,EV-e90baf7ed7d76b00,PHASEF_2006_2015_POSSIBLE_ELIGIBLE_UNIVERSE_ONLY,2009-06-30,2009-07-01,2010-01-04,188818,2009-10-15,ACQUIRED,0,0,,SHARADAR_20260620,60f89ca805a788c6
EV-4f212c6656efb013|2009-09-30|PHASEF_2006_2015_POSSIBLE_ELIGIBLE_UNIVERSE_ONLY,EV-4f212c6656efb013,PHASEF_2006_2015_POSSIBLE_ELIGIBLE_UNIVERSE_ONLY,2009-09-30,2009-10-01,2010-04-01,165457,2009-11-03,ACQUIRED,0,0,,SHARADAR_20260620,32082ce679213158
EV-fed3185dcf450ade|2009-09-30|PHASEF_2006_2015_POSSIBLE_ELIGIBLE_UNIVERSE_ONLY,EV-fed3185dcf450ade,PHASEF_2006_2015_POSSIBLE_ELIGIBLE_UNIVERSE_ONLY,2009-09-30,2009-10-01,2010-04-01,185398,2010-02-05,ACQUIRED,0,0,,SHARADAR_20260620,d0051680cd587872
EV-883fefc522c9f938|2009-09-30|PHASEF_2006_2015_POSSIBLE_ELIGIBLE_UNIVERSE_ONLY,EV-883fefc522c9f938,PHASEF_2006_2015_POSSIBLE_ELIGIBLE_UNIVERSE_ONLY,2009-09-30,2009-10-01,2010-04-01,185406,2010-01-26,ACQUIRED,0,0,,SHARADAR_20260620,5b9683335fb4bcc0
EV-98e566f105bc7c35|2009-09-30|PHASEF_2006_2015_POSSIBLE_ELIGIBLE_UNIVERSE_ONLY,EV-98e566f105bc7c35,PHASEF_2006_2015_POSSIBLE_ELIGIBLE_UNIVERSE_ONLY,2009-09-30,2009-10-01,2010-04-01,185568,2010-02-24,ACQUIRED,0,0,,SHARADAR_20260620,1a39fb739c37311e
EV-2673f0acad1ab08d|2009-09-30|PHASEF_2006_2015_POSSIBLE_ELIGIBLE_UNIVERSE_ONLY,EV-2673f0acad1ab08d,PHASEF_2006_2015_POSSIBLE_ELIGIBLE_UNIVERSE_ONLY,2009-09-30,2009-10-01,2010-04-01,186663,2010-03-12,ACQUIRED,0,0,,SHARADAR_20260620,2bd30759343bae79
EV-f65a163b2bdb2f53|2009-09-30|PHASEF_2006_2015_POSSIBLE_ELIGIBLE_UNIVERSE_ONLY,EV-f65a163b2bdb2f53,PHASEF_2006_2015_POSSIBLE_ELIGIBLE_UNIVERSE_ONLY,2009-09-30,2009-10-01,2010-04-01,188300,2010-02-26,ACQUIRED,0,0,,SHARADAR_20260620,93f87ea114b4ae07
EV-e90baf7ed7d76b00|2009-09-30|PHASEF_2006_2015_POSSIBLE_ELIGIBLE_UNIVERSE_ONLY,EV-e90baf7ed7d76b00,PHASEF_2006_2015_POSSIBLE_ELIGIBLE_UNIVERSE_ONLY,2009-09-30,2009-10-01,2010-04-01,188818,2009-10-15,ACQUIRED,0,0,,SHARADAR_20260620,cc386af46ceb1236
EV-42de03bf3b717f64|2009-09-30|PHASEF_2006_2015_POSSIBLE_ELIGIBLE_UNIVERSE_ONLY,EV-42de03bf3b717f64,PHASEF_2006_2015_POSSIBLE_ELIGIBLE_UNIVERSE_ONLY,2009-09-30,2009-10-01,2010-04-01,197312,2010-02-12,ACQUIRED,0,0,,SHARADAR_20260620,e0866b9e0e4daa53
EV-fed3185dcf450ade|2009-12-31|PHASEF_2006_2015_POSSIBLE_ELIGIBLE_UNIVERSE_ONLY,EV-fed3185dcf450ade,PHASEF_2006_2015_POSSIBLE_ELIGIBLE_UNIVERSE_ONLY,2009-12-31,2010-01-04,2010-07-01,185398,2010-02-05,ACQUIRED,0,0,,SHARADAR_20260620,56c76b6512af65a8
EV-883fefc522c9f938|2009-12-31|PHASEF_2006_2015_POSSIBLE_ELIGIBLE_UNIVERSE_ONLY,EV-883fefc522c9f938,PHASEF_2006_2015_POSSIBLE_ELIGIBLE_UNIVERSE_ONLY,2009-12-31,2010-01-04,2010-07-01,185406,2010-01-26,ACQUIRED,0,0,,SHARADAR_20260620,0d87a14dc5680316
EV-98e566f105bc7c35|2009-12-31|PHASEF_2006_2015_POSSIBLE_ELIGIBLE_UNIVERSE_ONLY,EV-98e566f105bc7c35,PHASEF_2006_2015_POSSIBLE_ELIGIBLE_UNIVERSE_ONLY,2009-12-31,2010-01-04,2010-07-01,185568,2010-02-24,ACQUIRED,0,0,,SHARADAR_20260620,c5979f4a0b326c67
EV-2673f0acad1ab08d|2009-12-31|PHASEF_2006_2015_POSSIBLE_ELIGIBLE_UNIVERSE_ONLY,EV-2673f0acad1ab08d,PHASEF_2006_2015_POSSIBLE_ELIGIBLE_UNIVERSE_ONLY,2009-12-31,2010-01-04,2010-07-01,186663,2010-03-12,ACQUIRED,0,0,,SHARADAR_20260620,50fbf7dbc2b802d3
EV-f65a163b2bdb2f53|2009-12-31|PHASEF_2006_2015_POSSIBLE_ELIGIBLE_UNIVERSE_ONLY,EV-f65a163b2bdb2f53,PHASEF_2006_2015_POSSIBLE_ELIGIBLE_UNIVERSE_ONLY,2009-12-31,2010-01-04,2010-07-01,188300,2010-02-26,ACQUIRED,0,0,,SHARADAR_20260620,6d783462acb2ce2d
EV-0a56638956591509|2009-12-31|PHASEF_2006_2015_POSSIBLE_ELIGIBLE_UNIVERSE_ONLY,EV-0a56638956591509,PHASEF_2006_2015_POSSIBLE_ELIGIBLE_UNIVERSE_ONLY,2009-12-31,2010-01-04,2010-07-01,188317,2010-04-28,ACQUIRED,0,0,,SHARADAR_20260620,f811631ab27ad3b5
EV-5f6cd33fc360489a|2009-12-31|PHASEF_2006_2015_POSSIBLE_ELIGIBLE_UNIVERSE_ONLY,EV-5f6cd33fc360489a,PHASEF_2006_2015_POSSIBLE_ELIGIBLE_UNIVERSE_ONLY,2009-12-31,2010-01-04,2010-07-01,188657,2010-06-25,ACQUIRED,0,0,,SHARADAR_20260620,fcc58fb8ccb53354
EV-42de03bf3b717f64|2009-12-31|PHASEF_2006_2015_POSSIBLE_ELIGIBLE_UNIVERSE_ONLY,EV-42de03bf3b717f64,PHASEF_2006_2015_POSSIBLE_ELIGIBLE_UNIVERSE_ONLY,2009-12-31,2010-01-04,2010-07-01,197312,2010-02-12,ACQUIRED,0,0,,SHARADAR_20260620,39967a1093e88822
EV-76805334fee9ae20|2010-03-31|PHASEF_2006_2015_POSSIBLE_ELIGIBLE_UNIVERSE_ONLY,EV-76805334fee9ae20,PHASEF_2006_2015_POSSIBLE_ELIGIBLE_UNIVERSE_ONLY,2010-03-31,2010-04-01,2010-10-01,187943,2010-07-14,ACQUIRED,0,0,,SHARADAR_20260620,379ab01498e4cc8c
EV-0a56638956591509|2010-03-31|PHASEF_2006_2015_POSSIBLE_ELIGIBLE_UNIVERSE_ONLY,EV-0a56638956591509,PHASEF_2006_2015_POSSIBLE_ELIGIBLE_UNIVERSE_ONLY,2010-03-31,2010-04-01,2010-10-01,188317,2010-04-28,ACQUIRED,0,0,,SHARADAR_20260620,83350a491635fad4
EV-64d62980a4de357f|2010-03-31|PHASEF_2006_2015_POSSIBLE_ELIGIBLE_UNIVERSE_ONLY,EV-64d62980a4de357f,PHASEF_2006_2015_POSSIBLE_ELIGIBLE_UNIVERSE_ONLY,2010-03-31,2010-04-01,2010-10-01,188461,2010-08-27,ACQUIRED,0,0,,SHARADAR_20260620,90dd49a4d3b76db6
EV-5f6cd33fc360489a|2010-03-31|PHASEF_2006_2015_POSSIBLE_ELIGIBLE_UNIVERSE_ONLY,EV-5f6cd33fc360489a,PHASEF_2006_2015_POSSIBLE_ELIGIBLE_UNIVERSE_ONLY,2010-03-31,2010-04-01,2010-10-01,188657,2010-06-25,ACQUIRED,0,0,,SHARADAR_20260620,d7322cd7a1e039f8
EV-76805334fee9ae20|2010-06-30|PHASEF_2006_2015_POSSIBLE_ELIGIBLE_UNIVERSE_ONLY,EV-76805334fee9ae20,PHASEF_2006_2015_POSSIBLE_ELIGIBLE_UNIVERSE_ONLY,2010-06-30,2010-07-01,2011-01-03,187943,2010-07-14,ACQUIRED,0,0,,SHARADAR_20260620,d2a3908a20f505d0
EV-64d62980a4de357f|2010-06-30|PHASEF_2006_2015_POSSIBLE_ELIGIBLE_UNIVERSE_ONLY,EV-64d62980a4de357f,PHASEF_2006_2015_POSSIBLE_ELIGIBLE_UNIVERSE_ONLY,2010-06-30,2010-07-01,2011-01-03,188461,2010-08-27,ACQUIRED,0,0,,SHARADAR_20260620,e277e89e38fa6be8
EV-13e8fda5006ff9de|2010-06-30|PHASEF_2006_2015_POSSIBLE_ELIGIBLE_UNIVERSE_ONLY,EV-13e8fda5006ff9de,PHASEF_2006_2015_POSSIBLE_ELIGIBLE_UNIVERSE_ONLY,2010-06-30,2010-07-01,2011-01-03,188972,2010-11-16,ACQUIRED,0,0,,SHARADAR_20260620,cd075b45977848eb
EV-16029b137239fe94|2010-09-30|PHASEF_2006_2015_POSSIBLE_ELIGIBLE_UNIVERSE_ONLY,EV-16029b137239fe94,PHASEF_2006_2015_POSSIBLE_ELIGIBLE_UNIVERSE_ONLY,2010-09-30,2010-10-01,2011-04-01,188670,2011-02-28,ACQUIRED,0,0,,SHARADAR_20260620,ab4eecd521fdac01
EV-b440e3a4807a3c7a|2010-09-30|PHASEF_2006_2015_POSSIBLE_ELIGIBLE_UNIVERSE_ONLY,EV-b440e3a4807a3c7a,PHASEF_2006_2015_POSSIBLE_ELIGIBLE_UNIVERSE_ONLY,2010-09-30,2010-10-01,2011-04-01,188815,2011-02-25,ACQUIRED,0,0,,SHARADAR_20260620,cbe7dff17fd2cd55
EV-08cbbc83fd1f9841|2010-09-30|PHASEF_2006_2015_POSSIBLE_ELIGIBLE_UNIVERSE_ONLY,EV-08cbbc83fd1f9841,PHASEF_2006_2015_POSSIBLE_ELIGIBLE_UNIVERSE_ONLY,2010-09-30,2010-10-01,2011-04-01,188852,2011-02-28,ACQUIRED,0,0,,SHARADAR_20260620,15c14be0becad3c3
EV-13e8fda5006ff9de|2010-09-30|PHASEF_2006_2015_POSSIBLE_ELIGIBLE_UNIVERSE_ONLY,EV-13e8fda5006ff9de,PHASEF_2006_2015_POSSIBLE_ELIGIBLE_UNIVERSE_ONLY,2010-09-30,2010-10-01,2011-04-01,188972,2010-11-16,ACQUIRED,0,0,,SHARADAR_20260620,ba0b96446e1827e8
EV-3ba75f0a3c514e8d|2010-09-30|PHASEF_2006_2015_POSSIBLE_ELIGIBLE_UNIVERSE_ONLY,EV-3ba75f0a3c514e8d,PHASEF_2006_2015_POSSIBLE_ELIGIBLE_UNIVERSE_ONLY,2010-09-30,2010-10-01,2011-04-01,196854,2011-03-31,ACQUIRED,0,0,,SHARADAR_20260620,632a4bfb081ecf92
EV-c1600d747a910ebd|2010-12-31|PHASEF_2006_2015_POSSIBLE_ELIGIBLE_UNIVERSE_ONLY,EV-c1600d747a910ebd,PHASEF_2006_2015_POSSIBLE_ELIGIBLE_UNIVERSE_ONLY,2010-12-31,2011-01-03,2011-07-01,188604,2011-04-27,ACQUIRED,0,0,,SHARADAR_20260620,092e447feebded2d
EV-16029b137239fe94|2010-12-31|PHASEF_2006_2015_POSSIBLE_ELIGIBLE_UNIVERSE_ONLY,EV-16029b137239fe94,PHASEF_2006_2015_POSSIBLE_ELIGIBLE_UNIVERSE_ONLY,2010-12-31,2011-01-03,2011-07-01,188670,2011-02-28,ACQUIRED,0,0,,SHARADAR_20260620,77f7fa9ee5ea4e0d
EV-deef96189b8dcedb|2010-12-31|PHASEF_2006_2015_POSSIBLE_ELIGIBLE_UNIVERSE_ONLY,EV-deef96189b8dcedb,PHASEF_2006_2015_POSSIBLE_ELIGIBLE_UNIVERSE_ONLY,2010-12-31,2011-01-03,2011-07-01,188727,2011-04-08,ACQUIRED,0,0,,SHARADAR_20260620,460972f504bb91e3
EV-b440e3a4807a3c7a|2010-12-31|PHASEF_2006_2015_POSSIBLE_ELIGIBLE_UNIVERSE_ONLY,EV-b440e3a4807a3c7a,PHASEF_2006_2015_POSSIBLE_ELIGIBLE_UNIVERSE_ONLY,2010-12-31,2011-01-03,2011-07-01,188815,2011-02-25,ACQUIRED,0,0,,SHARADAR_20260620,c1e131530d0ecd17
EV-767044b10997294d|2010-12-31|PHASEF_2006_2015_POSSIBLE_ELIGIBLE_UNIVERSE_ONLY,EV-767044b10997294d,PHASEF_2006_2015_POSSIBLE_ELIGIBLE_UNIVERSE_ONLY,2010-12-31,2011-01-03,2011-07-01,188853,2011-05-31,ACQUIRED,0,0,,SHARADAR_20260620,b0e7b9bdfd05f28e
EV-3ba75f0a3c514e8d|2010-12-31|PHASEF_2006_2015_POSSIBLE_ELIGIBLE_UNIVERSE_ONLY,EV-3ba75f0a3c514e8d,PHASEF_2006_2015_POSSIBLE_ELIGIBLE_UNIVERSE_ONLY,2010-12-31,2011-01-03,2011-07-01,196854,2011-03-31,ACQUIRED,0,0,,SHARADAR_20260620,c4925e225da8f8af
EV-0989b42173f7c586|2011-03-31|PHASEF_2006_2015_POSSIBLE_ELIGIBLE_UNIVERSE_ONLY,EV-0989b42173f7c586,PHASEF_2006_2015_POSSIBLE_ELIGIBLE_UNIVERSE_ONLY,2011-03-31,2011-04-01,2011-10-03,188085,2011-09-23,ACQUIRED,0,0,,SHARADAR_20260620,c9efdb5b05f20dca
EV-c1600d747a910ebd|2011-03-31|PHASEF_2006_2015_POSSIBLE_ELIGIBLE_UNIVERSE_ONLY,EV-c1600d747a910ebd,PHASEF_2006_2015_POSSIBLE_ELIGIBLE_UNIVERSE_ONLY,2011-03-31,2011-04-01,2011-10-03,188604,2011-04-27,ACQUIRED,0,0,,SHARADAR_20260620,843677445c28773f
EV-deef96189b8dcedb|2011-03-31|PHASEF_2006_2015_POSSIBLE_ELIGIBLE_UNIVERSE_ONLY,EV-deef96189b8dcedb,PHASEF_2006_2015_POSSIBLE_ELIGIBLE_UNIVERSE_ONLY,2011-03-31,2011-04-01,2011-10-03,188727,2011-04-08,ACQUIRED,0,0,,SHARADAR_20260620,d8901830a4a90fed
EV-7a301cd30e70d8f3|2011-03-31|PHASEF_2006_2015_POSSIBLE_ELIGIBLE_UNIVERSE_ONLY,EV-7a301cd30e70d8f3,PHASEF_2006_2015_POSSIBLE_ELIGIBLE_UNIVERSE_ONLY,2011-03-31,2011-04-01,2011-10-03,188840,2011-07-05,ACQUIRED,0,0,,SHARADAR_20260620,e8f41d46ec58a5d9
EV-767044b10997294d|2011-03-31|PHASEF_2006_2015_POSSIBLE_ELIGIBLE_UNIVERSE_ONLY,EV-767044b10997294d,PHASEF_2006_2015_POSSIBLE_ELIGIBLE_UNIVERSE_ONLY,2011-03-31,2011-04-01,2011-10-03,188853,2011-05-31,ACQUIRED,0,0,,SHARADAR_20260620,254a0a2999f8548c
EV-0989b42173f7c586|2011-06-30|PHASEF_2006_2015_POSSIBLE_ELIGIBLE_UNIVERSE_ONLY,EV-0989b42173f7c586,PHASEF_2006_2015_POSSIBLE_ELIGIBLE_UNIVERSE_ONLY,2011-06-30,2011-07-01,2012-01-03,188085,2011-09-23,ACQUIRED,0,0,,SHARADAR_20260620,a75db00f8d9002a9
EV-97feada1d6a741db|2011-06-30|PHASEF_2006_2015_POSSIBLE_ELIGIBLE_UNIVERSE_ONLY,EV-97feada1d6a741db,PHASEF_2006_2015_POSSIBLE_ELIGIBLE_UNIVERSE_ONLY,2011-06-30,2011-07-01,2012-01-03,188644,2011-10-13,ACQUIRED,0,0,,SHARADAR_20260620,e55e14a8613f8f57
EV-ed4f328cf95402c8|2011-06-30|PHASEF_2006_2015_POSSIBLE_ELIGIBLE_UNIVERSE_ONLY,EV-ed4f328cf95402c8,PHASEF_2006_2015_POSSIBLE_ELIGIBLE_UNIVERSE_ONLY,2011-06-30,2011-07-01,2012-01-03,188681,2011-12-09,ACQUIRED,0,0,,SHARADAR_20260620,74cd43bc48d92de1
EV-7a301cd30e70d8f3|2011-06-30|PHASEF_2006_2015_POSSIBLE_ELIGIBLE_UNIVERSE_ONLY,EV-7a301cd30e70d8f3,PHASEF_2006_2015_POSSIBLE_ELIGIBLE_UNIVERSE_ONLY,2011-06-30,2011-07-01,2012-01-03,188840,2011-07-05,ACQUIRED,0,0,,SHARADAR_20260620,20f0859f76fed997
EV-95fe8cc294627de2|2011-09-30|PHASEF_2006_2015_POSSIBLE_ELIGIBLE_UNIVERSE_ONLY,EV-95fe8cc294627de2,PHASEF_2006_2015_POSSIBLE_ELIGIBLE_UNIVERSE_ONLY,2011-09-30,2011-10-03,2012-04-02,188220,2012-03-30,ACQUIRED,0,0,,SHARADAR_20260620,7743ea20e0332cca
EV-44512ceefb857e54|2011-09-30|PHASEF_2006_2015_POSSIBLE_ELIGIBLE_UNIVERSE_ONLY,EV-44512ceefb857e54,PHASEF_2006_2015_POSSIBLE_ELIGIBLE_UNIVERSE_ONLY,2011-09-30,2011-10-03,2012-04-02,188440,2012-03-12,ACQUIRED,0,0,,SHARADAR_20260620,3d80678562169a70
EV-97feada1d6a741db|2011-09-30|PHASEF_2006_2015_POSSIBLE_ELIGIBLE_UNIVERSE_ONLY,EV-97feada1d6a741db,PHASEF_2006_2015_POSSIBLE_ELIGIBLE_UNIVERSE_ONLY,2011-09-30,2011-10-03,2012-04-02,188644,2011-10-13,ACQUIRED,0,0,,SHARADAR_20260620,ca57ec7966126f1c
EV-ed4f328cf95402c8|2011-09-30|PHASEF_2006_2015_POSSIBLE_ELIGIBLE_UNIVERSE_ONLY,EV-ed4f328cf95402c8,PHASEF_2006_2015_POSSIBLE_ELIGIBLE_UNIVERSE_ONLY,2011-09-30,2011-10-03,2012-04-02,188681,2011-12-09,ACQUIRED,0,0,,SHARADAR_20260620,56e3f8d372473d13
EV-87641cdf5a3e3e3a|2012-12-31|PHASEF_2006_2015_POSSIBLE_ELIGIBLE_UNIVERSE_ONLY,EV-87641cdf5a3e3e3a,PHASEF_2006_2015_POSSIBLE_ELIGIBLE_UNIVERSE_ONLY,2012-12-31,2013-01-02,2013-07-01,196656,2013-05-06,ACQUIRED,0,0,,SHARADAR_20260620,d6fa8ef52182d1d2
EV-6fdea4c9f9ab1ca2|2012-12-31|PHASEF_2006_2015_POSSIBLE_ELIGIBLE_UNIVERSE_ONLY,EV-6fdea4c9f9ab1ca2,PHASEF_2006_2015_POSSIBLE_ELIGIBLE_UNIVERSE_ONLY,2012-12-31,2013-01-02,2013-07-01,199654,2013-06-06,ACQUIRED,0,0,,SHARADAR_20260620,44145e19a28513d6
EV-4cd6e16d0eb8180b|2013-09-30|PHASEF_2006_2015_POSSIBLE_ELIGIBLE_UNIVERSE_ONLY,EV-4cd6e16d0eb8180b,PHASEF_2006_2015_POSSIBLE_ELIGIBLE_UNIVERSE_ONLY,2013-09-30,2013-10-01,2014-04-01,194415,2013-11-12,ACQUIRED,0,0,,SHARADAR_20260620,425c68deb81b7b21
EV-a9afdb9d52676cd6|2013-09-30|PHASEF_2006_2015_POSSIBLE_ELIGIBLE_UNIVERSE_ONLY,EV-a9afdb9d52676cd6,PHASEF_2006_2015_POSSIBLE_ELIGIBLE_UNIVERSE_ONLY,2013-09-30,2013-10-01,2014-04-01,196469,2014-02-03,ACQUIRED,0,0,,SHARADAR_20260620,b2e16ed5100f5c89
EV-79ede7b1f26ac039|2013-09-30|PHASEF_2006_2015_POSSIBLE_ELIGIBLE_UNIVERSE_ONLY,EV-79ede7b1f26ac039,PHASEF_2006_2015_POSSIBLE_ELIGIBLE_UNIVERSE_ONLY,2013-09-30,2013-10-01,2014-04-01,198249,2013-10-29,DELISTED_OTHER,0,0,,SHARADAR_20260620,523bfa17dcb8d2d0
EV-ee9998d132f35e0e|2013-09-30|PHASEF_2006_2015_POSSIBLE_ELIGIBLE_UNIVERSE_ONLY,EV-ee9998d132f35e0e,PHASEF_2006_2015_POSSIBLE_ELIGIBLE_UNIVERSE_ONLY,2013-09-30,2013-10-01,2014-04-01,199520,2013-12-06,ACQUIRED,0,0,,SHARADAR_20260620,7e753814194a2ec2
EV-a9afdb9d52676cd6|2013-12-31|PHASEF_2006_2015_POSSIBLE_ELIGIBLE_UNIVERSE_ONLY,EV-a9afdb9d52676cd6,PHASEF_2006_2015_POSSIBLE_ELIGIBLE_UNIVERSE_ONLY,2013-12-31,2014-01-02,2014-07-01,196469,2014-02-03,ACQUIRED,0,0,,SHARADAR_20260620,34f34c863345a6b8
EV-60386cc9b27984d0|2013-12-31|PHASEF_2006_2015_POSSIBLE_ELIGIBLE_UNIVERSE_ONLY,EV-60386cc9b27984d0,PHASEF_2006_2015_POSSIBLE_ELIGIBLE_UNIVERSE_ONLY,2013-12-31,2014-01-02,2014-07-01,198507,2014-04-30,ACQUIRED,0,0,,SHARADAR_20260620,920a65f9af4e5ce2
EV-5cbf0b8addb5e622|2013-12-31|PHASEF_2006_2015_POSSIBLE_ELIGIBLE_UNIVERSE_ONLY,EV-5cbf0b8addb5e622,PHASEF_2006_2015_POSSIBLE_ELIGIBLE_UNIVERSE_ONLY,2013-12-31,2014-01-02,2014-07-01,198946,2014-05-06,ACQUIRED,0,0,,SHARADAR_20260620,aafb4c4127e3f974
EV-5b25baa1e0b21f90|2013-12-31|PHASEF_2006_2015_POSSIBLE_ELIGIBLE_UNIVERSE_ONLY,EV-5b25baa1e0b21f90,PHASEF_2006_2015_POSSIBLE_ELIGIBLE_UNIVERSE_ONLY,2013-12-31,2014-01-02,2014-07-01,199710,2014-06-30,ACQUIRED,0,0,,SHARADAR_20260620,4130aa611c211ab9
EV-60386cc9b27984d0|2014-03-31|PHASEF_2006_2015_POSSIBLE_ELIGIBLE_UNIVERSE_ONLY,EV-60386cc9b27984d0,PHASEF_2006_2015_POSSIBLE_ELIGIBLE_UNIVERSE_ONLY,2014-03-31,2014-04-01,2014-10-01,198507,2014-04-30,ACQUIRED,0,0,,SHARADAR_20260620,135ce53d21d1ba5f
EV-5cbf0b8addb5e622|2014-03-31|PHASEF_2006_2015_POSSIBLE_ELIGIBLE_UNIVERSE_ONLY,EV-5cbf0b8addb5e622,PHASEF_2006_2015_POSSIBLE_ELIGIBLE_UNIVERSE_ONLY,2014-03-31,2014-04-01,2014-10-01,198946,2014-05-06,ACQUIRED,0,0,,SHARADAR_20260620,7d904efd4258fdb8
EV-5b25baa1e0b21f90|2014-03-31|PHASEF_2006_2015_POSSIBLE_ELIGIBLE_UNIVERSE_ONLY,EV-5b25baa1e0b21f90,PHASEF_2006_2015_POSSIBLE_ELIGIBLE_UNIVERSE_ONLY,2014-03-31,2014-04-01,2014-10-01,199710,2014-06-30,ACQUIRED,0,0,,SHARADAR_20260620,475bb122af5157d4
EV-91679cd234a4b83e|2014-09-30|PHASEF_2006_2015_POSSIBLE_ELIGIBLE_UNIVERSE_ONLY,EV-91679cd234a4b83e,PHASEF_2006_2015_POSSIBLE_ELIGIBLE_UNIVERSE_ONLY,2014-09-30,2014-10-01,2015-04-01,193275,2015-03-16,ACQUIRED,0,0,,SHARADAR_20260620,f0d69d281789544e
EV-8e734a93d012bb79|2014-09-30|PHASEF_2006_2015_POSSIBLE_ELIGIBLE_UNIVERSE_ONLY,EV-8e734a93d012bb79,PHASEF_2006_2015_POSSIBLE_ELIGIBLE_UNIVERSE_ONLY,2014-09-30,2014-10-01,2015-04-01,194188,2015-01-26,ACQUIRED,0,0,,SHARADAR_20260620,ac3a8bef012bc9c3
EV-8827f46af7a75e43|2014-09-30|PHASEF_2006_2015_POSSIBLE_ELIGIBLE_UNIVERSE_ONLY,EV-8827f46af7a75e43,PHASEF_2006_2015_POSSIBLE_ELIGIBLE_UNIVERSE_ONLY,2014-09-30,2014-10-01,2015-04-01,198027,2015-03-11,ACQUIRED,0,0,,SHARADAR_20260620,5d44ba81b594329a
EV-240b8298389074d6|2014-09-30|PHASEF_2006_2015_POSSIBLE_ELIGIBLE_UNIVERSE_ONLY,EV-240b8298389074d6,PHASEF_2006_2015_POSSIBLE_ELIGIBLE_UNIVERSE_ONLY,2014-09-30,2014-10-01,2015-04-01,198103,2015-03-16,ACQUIRED,0,0,,SHARADAR_20260620,9e0c0046d0baa13e
EV-88d4962285dcaf42|2014-09-30|PHASEF_2006_2015_POSSIBLE_ELIGIBLE_UNIVERSE_ONLY,EV-88d4962285dcaf42,PHASEF_2006_2015_POSSIBLE_ELIGIBLE_UNIVERSE_ONLY,2014-09-30,2014-10-01,2015-04-01,199378,2015-01-29,ACQUIRED,0,0,,SHARADAR_20260620,9a024bf932a30eb9
EV-91679cd234a4b83e|2014-12-31|PHASEF_2006_2015_POSSIBLE_ELIGIBLE_UNIVERSE_ONLY,EV-91679cd234a4b83e,PHASEF_2006_2015_POSSIBLE_ELIGIBLE_UNIVERSE_ONLY,2014-12-31,2015-01-02,2015-07-01,193275,2015-03-16,ACQUIRED,0,0,,SHARADAR_20260620,c99d2b291819ec1e
EV-723c308a4d18d9ff|2014-12-31|PHASEF_2006_2015_POSSIBLE_ELIGIBLE_UNIVERSE_ONLY,EV-723c308a4d18d9ff,PHASEF_2006_2015_POSSIBLE_ELIGIBLE_UNIVERSE_ONLY,2014-12-31,2015-01-02,2015-07-01,193634,2015-06-11,ACQUIRED,0,0,,SHARADAR_20260620,388503d35377f09d
EV-8e734a93d012bb79|2014-12-31|PHASEF_2006_2015_POSSIBLE_ELIGIBLE_UNIVERSE_ONLY,EV-8e734a93d012bb79,PHASEF_2006_2015_POSSIBLE_ELIGIBLE_UNIVERSE_ONLY,2014-12-31,2015-01-02,2015-07-01,194188,2015-01-26,ACQUIRED,0,0,,SHARADAR_20260620,63adb70819ebd2ae
EV-9f6490c367f279de|2014-12-31|PHASEF_2006_2015_POSSIBLE_ELIGIBLE_UNIVERSE_ONLY,EV-9f6490c367f279de,PHASEF_2006_2015_POSSIBLE_ELIGIBLE_UNIVERSE_ONLY,2014-12-31,2015-01-02,2015-07-01,197505,2015-06-29,ACQUIRED,0,0,,SHARADAR_20260620,89752f521ae3109d
EV-8827f46af7a75e43|2014-12-31|PHASEF_2006_2015_POSSIBLE_ELIGIBLE_UNIVERSE_ONLY,EV-8827f46af7a75e43,PHASEF_2006_2015_POSSIBLE_ELIGIBLE_UNIVERSE_ONLY,2014-12-31,2015-01-02,2015-07-01,198027,2015-03-11,ACQUIRED,0,0,,SHARADAR_20260620,e9a837f6f9b361dd
EV-240b8298389074d6|2014-12-31|PHASEF_2006_2015_POSSIBLE_ELIGIBLE_UNIVERSE_ONLY,EV-240b8298389074d6,PHASEF_2006_2015_POSSIBLE_ELIGIBLE_UNIVERSE_ONLY,2014-12-31,2015-01-02,2015-07-01,198103,2015-03-16,ACQUIRED,0,0,,SHARADAR_20260620,404ef685ac143c72
EV-88d4962285dcaf42|2014-12-31|PHASEF_2006_2015_POSSIBLE_ELIGIBLE_UNIVERSE_ONLY,EV-88d4962285dcaf42,PHASEF_2006_2015_POSSIBLE_ELIGIBLE_UNIVERSE_ONLY,2014-12-31,2015-01-02,2015-07-01,199378,2015-01-29,ACQUIRED,0,0,,SHARADAR_20260620,f0d17f9238426a4e
EV-5cdecef1c0553915|2015-03-31|PHASEF_2006_2015_POSSIBLE_ELIGIBLE_UNIVERSE_ONLY,EV-5cdecef1c0553915,PHASEF_2006_2015_POSSIBLE_ELIGIBLE_UNIVERSE_ONLY,2015-03-31,2015-04-01,2015-10-01,191963,2015-07-02,DELISTED_OTHER,0,0,,SHARADAR_20260620,880c96c48cbc55ef
EV-952ef527f00d9c2f|2015-03-31|PHASEF_2006_2015_POSSIBLE_ELIGIBLE_UNIVERSE_ONLY,EV-952ef527f00d9c2f,PHASEF_2006_2015_POSSIBLE_ELIGIBLE_UNIVERSE_ONLY,2015-03-31,2015-04-01,2015-10-01,193222,2015-07-24,ACQUIRED,0,0,,SHARADAR_20260620,3d99b0697d56e01a
EV-723c308a4d18d9ff|2015-03-31|PHASEF_2006_2015_POSSIBLE_ELIGIBLE_UNIVERSE_ONLY,EV-723c308a4d18d9ff,PHASEF_2006_2015_POSSIBLE_ELIGIBLE_UNIVERSE_ONLY,2015-03-31,2015-04-01,2015-10-01,193634,2015-06-11,ACQUIRED,0,0,,SHARADAR_20260620,4fdce548c2f1f554
EV-e36a9dd6b53e4972|2015-03-31|PHASEF_2006_2015_POSSIBLE_ELIGIBLE_UNIVERSE_ONLY,EV-e36a9dd6b53e4972,PHASEF_2006_2015_POSSIBLE_ELIGIBLE_UNIVERSE_ONLY,2015-03-31,2015-04-01,2015-10-01,195268,2015-09-02,ACQUIRED,0,0,,SHARADAR_20260620,8ea8ef7234d8eda3
EV-f27d05c2b7972cc1|2015-03-31|PHASEF_2006_2015_POSSIBLE_ELIGIBLE_UNIVERSE_ONLY,EV-f27d05c2b7972cc1,PHASEF_2006_2015_POSSIBLE_ELIGIBLE_UNIVERSE_ONLY,2015-03-31,2015-04-01,2015-10-01,195722,2015-07-01,DELISTED_OTHER,0,0,,SHARADAR_20260620,70ec8909394145d5
EV-9f6490c367f279de|2015-03-31|PHASEF_2006_2015_POSSIBLE_ELIGIBLE_UNIVERSE_ONLY,EV-9f6490c367f279de,PHASEF_2006_2015_POSSIBLE_ELIGIBLE_UNIVERSE_ONLY,2015-03-31,2015-04-01,2015-10-01,197505,2015-06-29,ACQUIRED,0,0,,SHARADAR_20260620,c38c28fcbb901daf
EV-9cf9cfc50bf148f1|2015-03-31|PHASEF_2006_2015_POSSIBLE_ELIGIBLE_UNIVERSE_ONLY,EV-9cf9cfc50bf148f1,PHASEF_2006_2015_POSSIBLE_ELIGIBLE_UNIVERSE_ONLY,2015-03-31,2015-04-01,2015-10-01,199445,2015-08-28,ACQUIRED,0,0,,SHARADAR_20260620,117d5637024ac859
EV-0a6251540ed362eb|2015-03-31|PHASEF_2006_2015_POSSIBLE_ELIGIBLE_UNIVERSE_ONLY,EV-0a6251540ed362eb,PHASEF_2006_2015_POSSIBLE_ELIGIBLE_UNIVERSE_ONLY,2015-03-31,2015-04-01,2015-10-01,199736,2015-07-06,ACQUIRED,0,0,,SHARADAR_20260620,1d75541931ac4664
EV-5cdecef1c0553915|2015-06-30|PHASEF_2006_2015_POSSIBLE_ELIGIBLE_UNIVERSE_ONLY,EV-5cdecef1c0553915,PHASEF_2006_2015_POSSIBLE_ELIGIBLE_UNIVERSE_ONLY,2015-06-30,2015-07-01,2016-01-04,191963,2015-07-02,DELISTED_OTHER,0,0,,SHARADAR_20260620,edf131a163f1de3c
EV-952ef527f00d9c2f|2015-06-30|PHASEF_2006_2015_POSSIBLE_ELIGIBLE_UNIVERSE_ONLY,EV-952ef527f00d9c2f,PHASEF_2006_2015_POSSIBLE_ELIGIBLE_UNIVERSE_ONLY,2015-06-30,2015-07-01,2016-01-04,193222,2015-07-24,ACQUIRED,0,0,,SHARADAR_20260620,69511631776f4002
EV-e36a9dd6b53e4972|2015-06-30|PHASEF_2006_2015_POSSIBLE_ELIGIBLE_UNIVERSE_ONLY,EV-e36a9dd6b53e4972,PHASEF_2006_2015_POSSIBLE_ELIGIBLE_UNIVERSE_ONLY,2015-06-30,2015-07-01,2016-01-04,195268,2015-09-02,ACQUIRED,0,0,,SHARADAR_20260620,e4f886ac9daf1811
EV-f27d05c2b7972cc1|2015-06-30|PHASEF_2006_2015_POSSIBLE_ELIGIBLE_UNIVERSE_ONLY,EV-f27d05c2b7972cc1,PHASEF_2006_2015_POSSIBLE_ELIGIBLE_UNIVERSE_ONLY,2015-06-30,2015-07-01,2016-01-04,195722,2015-07-01,DELISTED_OTHER,0,0,,SHARADAR_20260620,357760a3c71ff0fe
EV-f264e7a20a216fbd|2015-06-30|PHASEF_2006_2015_POSSIBLE_ELIGIBLE_UNIVERSE_ONLY,EV-f264e7a20a216fbd,PHASEF_2006_2015_POSSIBLE_ELIGIBLE_UNIVERSE_ONLY,2015-06-30,2015-07-01,2016-01-04,197442,2015-10-30,ACQUIRED,0,0,,SHARADAR_20260620,7ccf083b863a41a3
EV-886b34db043dadd9|2015-06-30|PHASEF_2006_2015_POSSIBLE_ELIGIBLE_UNIVERSE_ONLY,EV-886b34db043dadd9,PHASEF_2006_2015_POSSIBLE_ELIGIBLE_UNIVERSE_ONLY,2015-06-30,2015-07-01,2016-01-04,198590,2015-12-24,ACQUIRED,0,0,,SHARADAR_20260620,917a96c3a95ad5ed
EV-37b1154a7be8812b|2015-06-30|PHASEF_2006_2015_POSSIBLE_ELIGIBLE_UNIVERSE_ONLY,EV-37b1154a7be8812b,PHASEF_2006_2015_POSSIBLE_ELIGIBLE_UNIVERSE_ONLY,2015-06-30,2015-07-01,2016-01-04,199354,2015-11-18,ACQUIRED,0,0,,SHARADAR_20260620,ab65f9aa9415fa32
EV-9cf9cfc50bf148f1|2015-06-30|PHASEF_2006_2015_POSSIBLE_ELIGIBLE_UNIVERSE_ONLY,EV-9cf9cfc50bf148f1,PHASEF_2006_2015_POSSIBLE_ELIGIBLE_UNIVERSE_ONLY,2015-06-30,2015-07-01,2016-01-04,199445,2015-08-28,ACQUIRED,0,0,,SHARADAR_20260620,9174ac3a4927fa60
EV-0a6251540ed362eb|2015-06-30|PHASEF_2006_2015_POSSIBLE_ELIGIBLE_UNIVERSE_ONLY,EV-0a6251540ed362eb,PHASEF_2006_2015_POSSIBLE_ELIGIBLE_UNIVERSE_ONLY,2015-06-30,2015-07-01,2016-01-04,199736,2015-07-06,ACQUIRED,0,0,,SHARADAR_20260620,6ac3223b5d74721a
EV-2fdd7bd4b8dd5280|2015-09-30|PHASEF_2006_2015_POSSIBLE_ELIGIBLE_UNIVERSE_ONLY,EV-2fdd7bd4b8dd5280,PHASEF_2006_2015_POSSIBLE_ELIGIBLE_UNIVERSE_ONLY,2015-09-30,2015-10-01,2016-04-01,116543,2015-12-11,DELISTED_OTHER,0,0,,SHARADAR_20260620,4508da59091a7506
EV-dc2e86bcb007be0f|2015-09-30|PHASEF_2006_2015_POSSIBLE_ELIGIBLE_UNIVERSE_ONLY,EV-dc2e86bcb007be0f,PHASEF_2006_2015_POSSIBLE_ELIGIBLE_UNIVERSE_ONLY,2015-09-30,2015-10-01,2016-04-01,195861,2016-03-23,ACQUIRED,0,0,,SHARADAR_20260620,b1b18ad8688af8c8
EV-f7bdd8994876aed9|2015-09-30|PHASEF_2006_2015_POSSIBLE_ELIGIBLE_UNIVERSE_ONLY,EV-f7bdd8994876aed9,PHASEF_2006_2015_POSSIBLE_ELIGIBLE_UNIVERSE_ONLY,2015-09-30,2015-10-01,2016-04-01,196660,2016-01-29,ACQUIRED,0,0,,SHARADAR_20260620,8f5b9875ce8a0bd6
EV-f264e7a20a216fbd|2015-09-30|PHASEF_2006_2015_POSSIBLE_ELIGIBLE_UNIVERSE_ONLY,EV-f264e7a20a216fbd,PHASEF_2006_2015_POSSIBLE_ELIGIBLE_UNIVERSE_ONLY,2015-09-30,2015-10-01,2016-04-01,197442,2015-10-30,ACQUIRED,0,0,,SHARADAR_20260620,24e41a1aa5563f68
EV-43f35b45499ab20c|2015-09-30|PHASEF_2006_2015_POSSIBLE_ELIGIBLE_UNIVERSE_ONLY,EV-43f35b45499ab20c,PHASEF_2006_2015_POSSIBLE_ELIGIBLE_UNIVERSE_ONLY,2015-09-30,2015-10-01,2016-04-01,197592,2016-03-02,ACQUIRED,0,0,,SHARADAR_20260620,e58a43c85b46b44a
EV-dc4b881536b40d07|2015-09-30|PHASEF_2006_2015_POSSIBLE_ELIGIBLE_UNIVERSE_ONLY,EV-dc4b881536b40d07,PHASEF_2006_2015_POSSIBLE_ELIGIBLE_UNIVERSE_ONLY,2015-09-30,2015-10-01,2016-04-01,198117,2016-02-19,ACQUIRED,0,0,,SHARADAR_20260620,89e2564d9475e642
EV-886b34db043dadd9|2015-09-30|PHASEF_2006_2015_POSSIBLE_ELIGIBLE_UNIVERSE_ONLY,EV-886b34db043dadd9,PHASEF_2006_2015_POSSIBLE_ELIGIBLE_UNIVERSE_ONLY,2015-09-30,2015-10-01,2016-04-01,198590,2015-12-24,ACQUIRED,0,0,,SHARADAR_20260620,ae871306f5d975ca
EV-37b1154a7be8812b|2015-09-30|PHASEF_2006_2015_POSSIBLE_ELIGIBLE_UNIVERSE_ONLY,EV-37b1154a7be8812b,PHASEF_2006_2015_POSSIBLE_ELIGIBLE_UNIVERSE_ONLY,2015-09-30,2015-10-01,2016-04-01,199354,2015-11-18,ACQUIRED,0,0,,SHARADAR_20260620,cc24012cad313d21
EV-c4b2b77301e215ae|2015-09-30|PHASEF_2006_2015_POSSIBLE_ELIGIBLE_UNIVERSE_ONLY,EV-c4b2b77301e215ae,PHASEF_2006_2015_POSSIBLE_ELIGIBLE_UNIVERSE_ONLY,2015-09-30,2015-10-01,2016-04-01,199415,2016-01-29,ACQUIRED,0,0,,SHARADAR_20260620,652d15481b6d678b
EV-b2e547b19a3377bb|2015-09-30|PHASEF_2006_2015_POSSIBLE_ELIGIBLE_UNIVERSE_ONLY,EV-b2e547b19a3377bb,PHASEF_2006_2015_POSSIBLE_ELIGIBLE_UNIVERSE_ONLY,2015-09-30,2015-10-01,2016-04-01,199850,2016-01-14,ACQUIRED,0,0,,SHARADAR_20260620,18a028f5377473ae
EV-bbf5f41350ffa266|2015-12-31|PHASEF_2006_2015_POSSIBLE_ELIGIBLE_UNIVERSE_ONLY,EV-bbf5f41350ffa266,PHASEF_2006_2015_POSSIBLE_ELIGIBLE_UNIVERSE_ONLY,2015-12-31,2016-01-04,2016-07-01,119350,2016-05-27,DELISTED_OTHER,0,0,,SHARADAR_20260620,76cfe34bfab47c05
EV-efbc596e6618fd16|2015-12-31|PHASEF_2006_2015_POSSIBLE_ELIGIBLE_UNIVERSE_ONLY,EV-efbc596e6618fd16,PHASEF_2006_2015_POSSIBLE_ELIGIBLE_UNIVERSE_ONLY,2015-12-31,2016-01-04,2016-07-01,191948,2016-04-29,ACQUIRED,0,0,,SHARADAR_20260620,25b142d98671585b
EV-4145c6b3ded0aab2|2015-12-31|PHASEF_2006_2015_POSSIBLE_ELIGIBLE_UNIVERSE_ONLY,EV-4145c6b3ded0aab2,PHASEF_2006_2015_POSSIBLE_ELIGIBLE_UNIVERSE_ONLY,2015-12-31,2016-01-04,2016-07-01,194291,2016-05-17,ACQUIRED,0,0,,SHARADAR_20260620,637f739a04ca265b
EV-dc2e86bcb007be0f|2015-12-31|PHASEF_2006_2015_POSSIBLE_ELIGIBLE_UNIVERSE_ONLY,EV-dc2e86bcb007be0f,PHASEF_2006_2015_POSSIBLE_ELIGIBLE_UNIVERSE_ONLY,2015-12-31,2016-01-04,2016-07-01,195861,2016-03-23,ACQUIRED,0,0,,SHARADAR_20260620,8072d0650131a394
EV-f7bdd8994876aed9|2015-12-31|PHASEF_2006_2015_POSSIBLE_ELIGIBLE_UNIVERSE_ONLY,EV-f7bdd8994876aed9,PHASEF_2006_2015_POSSIBLE_ELIGIBLE_UNIVERSE_ONLY,2015-12-31,2016-01-04,2016-07-01,196660,2016-01-29,ACQUIRED,0,0,,SHARADAR_20260620,14fe98dc21844062
EV-c7a7bf3a78ecc988|2015-12-31|PHASEF_2006_2015_POSSIBLE_ELIGIBLE_UNIVERSE_ONLY,EV-c7a7bf3a78ecc988,PHASEF_2006_2015_POSSIBLE_ELIGIBLE_UNIVERSE_ONLY,2015-12-31,2016-01-04,2016-07-01,196674,2016-06-20,ACQUIRED,0,0,,SHARADAR_20260620,cddd423beb3aa442
EV-1afd3f60d1e60de9|2015-12-31|PHASEF_2006_2015_POSSIBLE_ELIGIBLE_UNIVERSE_ONLY,EV-1afd3f60d1e60de9,PHASEF_2006_2015_POSSIBLE_ELIGIBLE_UNIVERSE_ONLY,2015-12-31,2016-01-04,2016-07-01,197152,2016-06-30,ACQUIRED,0,0,,SHARADAR_20260620,a80d8a186709f6eb
EV-d09e85eea495b1fa|2015-12-31|PHASEF_2006_2015_POSSIBLE_ELIGIBLE_UNIVERSE_ONLY,EV-d09e85eea495b1fa,PHASEF_2006_2015_POSSIBLE_ELIGIBLE_UNIVERSE_ONLY,2015-12-31,2016-01-04,2016-07-01,197210,2016-05-11,ACQUIRED,0,0,,SHARADAR_20260620,f4e800273c3f4e1b
EV-7cd9261757a99227|2015-12-31|PHASEF_2006_2015_POSSIBLE_ELIGIBLE_UNIVERSE_ONLY,EV-7cd9261757a99227,PHASEF_2006_2015_POSSIBLE_ELIGIBLE_UNIVERSE_ONLY,2015-12-31,2016-01-04,2016-07-01,197286,2016-04-01,ACQUIRED,0,0,,SHARADAR_20260620,309349c0751d702f
EV-43f35b45499ab20c|2015-12-31|PHASEF_2006_2015_POSSIBLE_ELIGIBLE_UNIVERSE_ONLY,EV-43f35b45499ab20c,PHASEF_2006_2015_POSSIBLE_ELIGIBLE_UNIVERSE_ONLY,2015-12-31,2016-01-04,2016-07-01,197592,2016-03-02,ACQUIRED,0,0,,SHARADAR_20260620,a918297c7e9127e1
EV-dc4b881536b40d07|2015-12-31|PHASEF_2006_2015_POSSIBLE_ELIGIBLE_UNIVERSE_ONLY,EV-dc4b881536b40d07,PHASEF_2006_2015_POSSIBLE_ELIGIBLE_UNIVERSE_ONLY,2015-12-31,2016-01-04,2016-07-01,198117,2016-02-19,ACQUIRED,0,0,,SHARADAR_20260620,9da4c0077e6c8627
EV-4448f8243bb82b92|2015-12-31|PHASEF_2006_2015_POSSIBLE_ELIGIBLE_UNIVERSE_ONLY,EV-4448f8243bb82b92,PHASEF_2006_2015_POSSIBLE_ELIGIBLE_UNIVERSE_ONLY,2015-12-31,2016-01-04,2016-07-01,198401,2016-05-20,ACQUIRED,0,0,,SHARADAR_20260620,d8487f13d8fbe5ba
EV-405a06cf50454091|2015-12-31|PHASEF_2006_2015_POSSIBLE_ELIGIBLE_UNIVERSE_ONLY,EV-405a06cf50454091,PHASEF_2006_2015_POSSIBLE_ELIGIBLE_UNIVERSE_ONLY,2015-12-31,2016-01-04,2016-07-01,199049,2016-06-30,ACQUIRED,0,0,,SHARADAR_20260620,b26909f22124f37b
EV-c4b2b77301e215ae|2015-12-31|PHASEF_2006_2015_POSSIBLE_ELIGIBLE_UNIVERSE_ONLY,EV-c4b2b77301e215ae,PHASEF_2006_2015_POSSIBLE_ELIGIBLE_UNIVERSE_ONLY,2015-12-31,2016-01-04,2016-07-01,199415,2016-01-29,ACQUIRED,0,0,,SHARADAR_20260620,ae0dd0c60626fa1b
EV-b2e547b19a3377bb|2015-12-31|PHASEF_2006_2015_POSSIBLE_ELIGIBLE_UNIVERSE_ONLY,EV-b2e547b19a3377bb,PHASEF_2006_2015_POSSIBLE_ELIGIBLE_UNIVERSE_ONLY,2015-12-31,2016-01-04,2016-07-01,199850,2016-01-14,ACQUIRED,0,0,,SHARADAR_20260620,2d0adcc5b88501dd
